ID,Language_ID,Parameter_ID,Form,Segments,Comment,Source,form_in_source
4097,xiandao,857,a³¹tsi³¹,a ³¹ + ts i ³¹,bad concept,,
2,achanglongchuan,98,pʐa⁵⁵pʐa⁵⁵,p ʐ a ⁵⁵ + p ʐ a ⁵⁵,bad concept,,
5462,rangoon,1441,pjɑ̃²²,p j ɑ̃ ∼ ²²,,,
9,lashi,98,pan³¹ʃɔ̱ʔ⁵⁵,p a n ³¹ + ʃ ɔ̰ ʔ ⁵⁵,bad concept,,
10,maru,98,pəŋ³¹ʃɔʔ⁵⁵,p ə ŋ ³¹ + ʃ ɔ ʔ ⁵⁵,bad concept,,
12,xiandao,98,chot⁵⁵,cʰ o t ⁵⁵,bad concept,,
13,atsi,98,lu̱ŋ⁵⁵la̱ŋ⁵⁵,l ṵ ŋ ⁵⁵ + l a̰ ŋ ⁵⁵,bad concept,,
14,bola,98,a³¹la̱p⁵⁵,a ³¹ + l a̰ p ⁵⁵,bad concept,,
4112,achanglongchuan,1404,tan³¹,t a n ³¹,bad concept,,
4114,atsi,1404,ŋjaŋ⁵¹,ŋ j a ŋ ⁵¹,bad concept,,
4115,bola,1404,tɛ̃³⁵,t ɛ̃ ∼ ³⁵,bad concept,,
4118,lashi,1404,taːn³³,t aː n ³³,bad concept,,
4119,maru,1404,ŋiɔ̃⁵⁵,ŋ i ɔ̃ ∼ ⁵⁵,bad concept,,
24,atsi,587,pau⁵¹voʔ⁵⁵,p a u ⁵¹ + v o ʔ ⁵⁵,,,
25,bola,587,phə̆³¹ɣɔʔ³¹,pʰ ə̆ ³¹ + ɣ ɔ ʔ ³¹,,,
28,lashi,587,la³¹jɛt³¹,l a ³¹ + j ɛ t ³¹,,,
29,maru,587,phə̆³¹ɣuk³¹,pʰ ə̆ ³¹ + ɣ u k ³¹,,,
30,xiandao,587,chaŋ³¹m̥an⁵⁵,cʰ a ŋ ³¹ + m̥ a n ⁵⁵,,,
7515,oldburmese,1261,chuiw,tsʰ ə w,,,
4785,bola,1278,tauʔ³¹,t a u ʔ ³¹,,,
4138,achanglongchuan,1343,ni³¹mɔ³¹,n i ³¹ + m ɔ ³¹,,,
8236,achanglongchuan,2250,a³¹◦xʐoʔ⁵⁵,a ³¹ + xʐ o ʔ ⁵⁵,,,
4141,atsi,1343,pui⁵¹,p u i ⁵¹,,,
7517,oldburmese,1585,ip,i p,,,
4144,bola,1343,pui⁵⁵,p u i ⁵⁵,,,
2056,lashi,1634,ʃo̱³³,ʃ o̰ ³³,,,
4148,lashi,1343,pei³¹,p e i ³¹,,,
4150,maru,1343,pa³¹,p a ³¹,,,
4152,xiandao,1343,n³¹mɔ³¹,n ³¹ + m ɔ ³¹,,,
2058,maru,1634,jɔ³¹,j ɔ ³¹,,,
2059,xiandao,1634,pak³⁵,p a k ³⁵,,,
694,lashi,1446,leː⁵⁵,l eː ⁵⁵,,,
2048,achanglongchuan,1634,pak³⁵,p a k ³⁵,,,
7521,oldburmese,1440,thuyḥ,tʰ u j ⁵⁵,,,
7523,oldburmese,1442,ryap,r j a p,,,
697,xiandao,1446,lɔ⁵⁵,l ɔ ⁵⁵,,,
2063,achanglongchuan,1435,tɕhet⁵⁵tauʔ⁵⁵,tɕʰ e t ⁵⁵ + t a u ʔ ⁵⁵,,,
2065,atsi,1435,ʃŏ²¹pik²¹,ʃ ŏ ²¹ + p i k ²¹,,,
2066,bola,1435,ʃă³⁵pak³¹,ʃ ă ³⁵ + p a k ³¹,,,
4798,achanglongchuan,1443,so³¹,s o ³¹,,,
2068,lashi,1435,ʃo⁵⁵pəː³¹,ʃ o ⁵⁵ + p əː ³¹,,,
4220,achanglongchuan,1220,tɕhi³¹ȵaŋ³⁵,tɕʰ i ³¹ + nʲ a ŋ ³⁵,,,
4223,atsi,1220,ʃŏ²¹mji²¹,ʃ ŏ ²¹ + m j i ²¹,,,
129,achanglongchuan,1292,tɕa⁵⁵,tɕ a ⁵⁵,,,
4226,bola,1220,ʃă³⁵mi³¹,ʃ ă ³⁵ + m i ³¹,,,
131,atsi,1292,then²¹,tʰ e n ²¹,,,
132,bola,1292,a³¹kai⁵⁵,a ³¹ + k a i ⁵⁵,,,
22,achanglongchuan,587,tɕhi⁵⁵man⁵⁵,tɕʰ i ⁵⁵ + m a n ⁵⁵,,,
135,lashi,1292,pjɔːʔ³¹,p j ɔː ʔ ³¹,,,
136,maru,1292,kɔi³⁵,k ɔ i ³⁵,,,
137,xiandao,1292,n³¹cɛ⁵⁵,n ³¹ + c ɛ ⁵⁵,,,
4234,maru,1220,ʃɔ̆³⁵mji³¹,ʃ ɔ̆ ³⁵ + m j i ³¹,,,
141,achanglongchuan,1927,o³¹,o ³¹,,,
143,atsi,1927,va²¹,v a ²¹,,,
144,bola,1927,va³¹,v a ³¹,,,
4242,achanglongchuan,1265,m̥ʐaŋ⁵⁵,m̥ ʐ a ŋ ⁵⁵,,,
147,lashi,1927,wo³³,w o ³³,,,
148,maru,1927,vɔ³⁵,v ɔ ³⁵,,,
4245,bola,1265,mjɔ̱̃⁵⁵,m j ɔ̰̃ ∼ ⁵⁵,,,
4121,xiandao,1404,ʂa³¹,ʂ a ³¹,bad concept,,
4248,lashi,1265,mja̱ːŋ³³,m j a̰ː ŋ ³³,,,
4249,maru,1265,mjɔ̃³¹,m j ɔ̃ ∼ ³¹,,,
4251,xiandao,1265,m̥ʐaŋ⁵⁵,m̥ ʐ a ŋ ⁵⁵,,,
4255,achanglongchuan,1515,tɕhe⁵⁵,tɕʰ e ⁵⁵,,,
4258,atsi,1515,tshe⁵¹,tsʰ e ⁵¹,,,
4260,bola,1515,tă³¹thai⁵⁵,t ă ³¹ + tʰ a i ⁵⁵,,,
4263,lashi,1515,tă³¹tshe³³,t ă ³¹ + tsʰ e ³³,,,
4264,maru,1515,tshɛ³¹,tsʰ ɛ ³¹,,,
4266,xiandao,1515,ta³¹tshi⁵⁵,t a ³¹ + tsʰ i ⁵⁵,,,
2078,bola,1200,jɔ̃³¹lɔ̃⁵⁵,j ɔ̃ ∼ ³¹ + l ɔ̃ ∼ ⁵⁵,,,
3143,achanglongchuan,1452,tun³¹,t u n ³¹,,,
4283,bola,78,xu⁵¹,x u ⁵¹,bad concept,,
2052,bola,1634,ja⁵⁵,j a ⁵⁵,,,
4290,achanglongchuan,78,the⁵⁵,tʰ e ⁵⁵,bad concept,,
4291,atsi,78,xje⁵¹,x j e ⁵¹,bad concept,,
4292,lashi,78,thə³³,tʰ ə ³³,bad concept,,
4293,maru,78,thø³¹,tʰ ø ³¹,bad concept,,
4294,xiandao,78,thɛ⁵⁵,tʰ ɛ ⁵⁵,bad concept,,
7543,oldburmese,1726,cuiv,ts ə w,,,
2082,maru,1200,lɔ̃³¹,l ɔ̃ ∼ ³¹,,,
8400,xiandao,2250,a³¹◦xʐoʔ⁵⁵,a ³¹ + xʐ o ʔ ⁵⁵,,,
2083,xiandao,1200,laʔ³¹ŋau⁵⁵,l a ʔ ³¹ + ŋ a u ⁵⁵,,,
5497,rangoon,1726,so²²,s o ²²,,,
2767,bola,1942,tʃɔ̱̃³⁵,tʃ ɔ̰̃ ∼ ³⁵,bad concept,,
4316,achanglongchuan,1937,the⁵⁵thɔʔ⁵⁵,tʰ e ⁵⁵ + tʰ ɔ ʔ ⁵⁵,bad concept,,
4317,atsi,1937,xje⁵¹ma⁵⁵,x j e ⁵¹ + m a ⁵⁵,bad concept,,
4318,bola,1937,thɔ̆i⁵⁵mɛ̃⁵⁵,tʰ ɔ̆ i ⁵⁵ + m ɛ̃ ∼ ⁵⁵,bad concept,,
4319,lashi,1937,thə³³mo³³,tʰ ə ³³ + m o ³³,bad concept,,
4320,maru,1937,thø⁵⁵mɛ³¹,tʰ ø ⁵⁵ + m ɛ ³¹,bad concept,,
4321,xiandao,1937,thɛ⁵⁵thɔʔ⁵⁵,tʰ ɛ ⁵⁵ + tʰ ɔ ʔ ⁵⁵,bad concept,,
5499,rangoon,249,mju²²,m j u ²²,,,
2089,achanglongchuan,617,kət³⁵,k ə t ³⁵,,,
4356,achanglongchuan,1244,kan³¹,k a n ³¹,,,
4359,atsi,1244,thu⁵¹,tʰ u ⁵¹,,,
4361,bola,1244,thu⁵⁵,tʰ u ⁵⁵,,,
4364,lashi,1244,thuː³³,tʰ uː ³³,,,
1410,atsi,227,ŋŏ²¹tso²¹,ŋ ŏ ²¹ + ts o ²¹,,,
4367,xiandao,1244,kan³⁵,k a n ³⁵,,,
2094,bola,617,ŋɛ̱̃⁵⁵,ŋ ɛ̰̃ ∼ ⁵⁵,,,
2096,lashi,617,ŋa̱n³³,ŋ a̰ n ³³,,,
299,bola,1251,vɛ³¹tau³¹,v ɛ ³¹ + t a u ³¹,,,
302,maru,1251,vẽ³⁵tuk³¹,v ẽ ³⁵ + t u k ³¹,,,
310,achanglongchuan,1202,kʐə³¹,k ʐ ə ³¹,,,
5513,rangoon,1236,bɑ²²,b ɑ ²²,,,
312,atsi,1202,ko̱²¹,k o̰ ²¹,,,
313,bola,1202,kɔ̱³⁵,k ɔ̰ ³⁵,,,
316,lashi,1202,kjiː³³,k j iː ³³,,,
317,maru,1202,ɣə³⁵,ɣ ə ³⁵,,,
319,xiandao,1202,kɯ³¹,k ɯ ³¹,,,
325,achanglongchuan,937,m̥ɔʔ⁵⁵,m̥ ɔ ʔ ⁵⁵,,,
327,atsi,937,ŋo̱ʔ⁵⁵,ŋ o̰ ʔ ⁵⁵,,,
328,bola,937,ŋa̱ʔ⁵⁵,ŋ a̰ ʔ ⁵⁵,,,
331,lashi,937,ŋɔ̱ʔ⁵⁵,ŋ ɔ̰ ʔ ⁵⁵,,,
332,maru,937,ŋɔ̱ʔ⁵⁵,ŋ ɔ̰ ʔ ⁵⁵,,,
334,xiandao,937,ŋ̊ɔʔ⁵⁵,ŋ̊ ɔ ʔ ⁵⁵,,,
1421,achanglongchuan,493,ŋɔ³¹,ŋ ɔ ³¹,,,
343,bola,1403,pɛ̃³¹,p ɛ̃ ∼ ³¹,bad concept,,
348,maru,1403,pəŋ³⁵,p ə ŋ ³⁵,bad concept,,
350,lashi,1403,ŋaːt³¹,ŋ aː t ³¹,bad concept,,
4453,achanglongchuan,1415,sam⁵⁵,s a m ⁵⁵,,,
4456,atsi,1415,mjit²¹,m j i t ²¹,,,
4458,bola,1415,mjɔt³¹,m j ɔ t ³¹,,,
4460,lashi,1415,mjiːt³¹,m j iː t ³¹,,,
4461,maru,1415,mjik³¹,m j i k ³¹,,,
367,achanglongchuan,163,lɔk⁵⁵,l ɔ k ⁵⁵,,,
369,atsi,163,noʔ²¹,n o ʔ ²¹,,,
370,bola,163,naʔ³¹,n a ʔ ³¹,,,
4467,achanglongchuan,1214,xai⁵⁵,x a i ⁵⁵,,,
373,lashi,163,nɔːʔ³¹,n ɔː ʔ ³¹,,,
374,maru,163,nɔʔ³¹,n ɔ ʔ ³¹,,,
375,xiandao,163,nɔʔ⁵⁵,n ɔ ʔ ⁵⁵,,,
4472,bola,1214,tʃhə⁵⁵,tʃʰ ə ⁵⁵,,,
5524,rangoon,493,ŋɑ⁵⁵,ŋ ɑ ⁵⁵,,,
4475,lashi,1214,xjɛ³³,x j ɛ ³³,,,
4476,maru,1214,tʃhɛ³¹,tʃʰ ɛ ³¹,,,
4478,xiandao,1214,xai⁵⁵,x a i ⁵⁵,,,
383,bola,946,sui³⁵,s u i ³⁵,,,
7105,oldburmese,163,nak,n a k,,,
389,maru,946,sa³⁵,s a ³⁵,,,
406,achanglongchuan,175,xʐauʔ³⁵,x ʐ a u ʔ ³⁵,,,
407,atsi,175,khjui²¹,kʰ j u i ²¹,,,
408,bola,175,khju³⁵,kʰ j u ³⁵,,,
409,lashi,175,khjaːu⁵³,kʰ j aː u ⁵³,,,
411,maru,175,khjuk⁵⁵,kʰ j u k ⁵⁵,,,
1514,lashi,420,sə̱kjo³¹,s ə̰ k + j o ³¹,,,
3151,maru,1452,tʃu̱m³⁵,tʃ ṵ m ³⁵,,,
4524,achanglongchuan,492,sum³¹,s u m ³¹,,,
4527,atsi,492,sum²¹,s u m ²¹,,,
4529,bola,492,sam⁵⁵,s a m ⁵⁵,,,
4532,lashi,492,sɔm⁵⁵,s ɔ m ⁵⁵,,,
4533,maru,492,sam³¹,s a m ³¹,,,
4535,xiandao,492,sum³¹,s u m ³¹,,,
4541,achanglongchuan,1456,xuat⁵⁵,x u a t ⁵⁵,bad concept,,
3970,atsi,1440,pje⁵⁵,p j e ⁵⁵,,,
2805,maru,1382,ŋɛ̱ʔ⁵⁵,ŋ ɛ̰ ʔ ⁵⁵,,,
4544,atsi,1456,tu⁵⁵,t u ⁵⁵,bad concept,,
1440,maru,1574,mjuŋ³⁵,m j u ŋ ³⁵,,,
4546,bola,1456,pjɛ̱ʔ⁵⁵,p j ɛ̰ ʔ ⁵⁵,bad concept,,
4549,lashi,1456,tuːn³³,t uː n ³³,bad concept,,
4550,maru,1456,pjɛ̱ʔ⁵⁵,p j ɛ̰ ʔ ⁵⁵,bad concept,,
1441,xiandao,1574,ɲu³¹,ɲ u ³¹,,,
4552,xiandao,1456,fu⁵⁵,f u ⁵⁵,bad concept,,
1516,xiandao,420,kʐom⁵⁵,k ʐ o m ⁵⁵,,,
1445,achanglongchuan,2003,so³¹,s o ³¹,,,
6290,maru,1329,nɛʔ³¹mɔ⁵⁵nɛʔ³¹,n ɛ ʔ ³¹ + m ɔ ⁵⁵ + n ɛ ʔ ³¹,,,
487,bola,1394,ʃă³⁵u³¹,ʃ ă ³⁵ + u ³¹,,,
490,lashi,1394,ʃŏ⁵⁵jou³³,ʃ ŏ ⁵⁵ + j o u ³³,,,
493,maru,1394,ʃŏ³⁵ɣuk⁵⁵,ʃ ŏ ³⁵ + ɣ u k ⁵⁵,,,
1448,bola,2003,ju⁵⁵,j u ⁵⁵,,,
4594,achanglongchuan,1205,ɕɔ⁵⁵,ɕ ɔ ⁵⁵,,,
4597,atsi,1205,ʃo⁵¹,ʃ o ⁵¹,,,
4600,bola,1205,ʃa⁵⁵,ʃ a ⁵⁵,,,
4605,lashi,1205,jo̱³³,j o̰ ³³,,,
4608,maru,1205,ʃɔ³¹,ʃ ɔ ³¹,,,
4610,xiandao,1205,çɔ⁵⁵,ç ɔ ⁵⁵,,,
4615,achanglongchuan,1380,tɕoi⁵⁵,tɕ o i ⁵⁵,,,
1452,xiandao,2003,ʂa³¹,ʂ a ³¹,,,
4618,atsi,1380,tsui⁵¹,ts u i ⁵¹,,,
4620,bola,1380,tui⁵⁵,t u i ⁵⁵,,,
526,achanglongchuan,1531,ʂək⁵⁵kʐaŋ⁵⁵,ʂ ə k ⁵⁵ + k ʐ a ŋ ⁵⁵,,,
528,atsi,1531,sik⁵⁵kja̱ŋ⁵¹,s i k ⁵⁵ + k j a̰ ŋ ⁵¹,,,
529,bola,1531,sak⁵⁵ka̱ʔ⁵⁵,s a k ⁵⁵ + k a̰ ʔ ⁵⁵,,,
532,lashi,1531,sə̱k⁵⁵kɔ̱ʔ⁵⁵,s ə̰ k ⁵⁵ + k ɔ̰ ʔ ⁵⁵,,,
533,maru,1531,sa̱k⁵⁵kɔ̱ʔ⁵⁵,s a̰ k ⁵⁵ + k ɔ̰ ʔ ⁵⁵,,,
4630,xiandao,1380,cui⁵⁵,c u i ⁵⁵,,,
8730,maru,2250,phɔʔ⁵⁵,pʰ ɔ ʔ ⁵⁵,,,
8731,maru,2250,fɔʔ⁵⁵,f ɔ ʔ ⁵⁵,,,
4639,achanglongchuan,906,saŋ³¹tseŋ⁵⁵,s a ŋ ³¹ + ts e ŋ ⁵⁵,,,
545,bola,1402,nau³⁵,n a u ³⁵,,,
4642,atsi,906,sik⁵⁵,s i k ⁵⁵,,,
4644,bola,906,sak⁵⁵,s a k ⁵⁵,,,
4647,lashi,906,sə̱k⁵⁵,s ə̰ k ⁵⁵,,,
4648,maru,906,sa̱k⁵⁵,s a̰ k ⁵⁵,,,
4650,xiandao,906,ʂɯk⁵⁵,ʂ ɯ k ⁵⁵,,,
573,achanglongchuan,1428,ȵe³⁵,nʲ e ³⁵,,,
574,atsi,1428,ŋje⁵⁵,ŋ j e ⁵⁵,,,
575,bola,1428,tɛʔ³¹,t ɛ ʔ ³¹,,,
577,lashi,1428,ta̱ːp⁵⁵,t a̰ː p ⁵⁵,,,
578,maru,1428,tɛʔ³¹,t ɛ ʔ ³¹,,,
579,xiandao,1428,tʂap³⁵,tʂ a p ³⁵,,,
1462,lashi,239,pan³³,p a n ³³,,,
5559,rangoon,1214,tθi²²,tθ i ²²,,,
1464,xiandao,239,pan⁵⁵tam³¹,p a n ⁵⁵ + t a m ³¹,,,
596,achanglongchuan,1869,oi⁵⁵,o i ⁵⁵,,,
598,atsi,1869,vui⁵¹,v u i ⁵¹,,,
599,bola,1869,vɛ⁵⁵,v ɛ ⁵⁵,,,
602,lashi,1869,ɣəː³¹,ɣ əː ³¹,,,
603,maru,1869,vai³¹,v a i ³¹,,,
604,xiandao,1869,ui⁵⁵,u i ⁵⁵,,,
4702,atsi,1710,i⁵⁵tshe⁵¹,i ⁵⁵ + tsʰ e ⁵¹,,,
4704,bola,1710,i̱³⁵thai⁵⁵,ḭ ³⁵ + tʰ a i ⁵⁵,,,
4706,lashi,1710,ə̱⁵⁵tshe³³,ə̰ ⁵⁵ + tsʰ e ³³,,,
4707,maru,1710,ʃi̱k⁵⁵tshɛ³¹,ʃ ḭ k ⁵⁵ + tsʰ ɛ ³¹,,,
4709,xiandao,1710,ta³¹sau⁵⁵,t a ³¹ + s a u ⁵⁵,,,
7249,oldburmese,1228,mliy,m l i j,,,
4713,achanglongchuan,1498,sək⁵⁵,s ə k ⁵⁵,,,
4716,atsi,1498,i⁵⁵,i ⁵⁵,,,
4718,bola,1498,i̱³⁵,ḭ ³⁵,,,
4721,lashi,1498,ə̱k⁵⁵,ə̰ k ⁵⁵,,,
4722,maru,1498,ʃi̱k⁵⁵,ʃ ḭ k ⁵⁵,,,
627,achanglongchuan,1304,tsă³¹oi³¹,ts ă ³¹ + o i ³¹,,,
4724,xiandao,1498,sɤk⁵⁵,s ɤ k ⁵⁵,,,
629,atsi,1304,tsŏ²¹ʃaŋ⁵¹,ts ŏ ²¹ + ʃ a ŋ ⁵¹,,,
630,bola,1304,tă³¹ʃɔ̃⁵⁵,t ă ³¹ + ʃ ɔ̃ ∼ ⁵⁵,,,
633,maru,1304,tsɔ̆³⁵ʃɔ̃³¹,ts ɔ̆ ³⁵ + ʃ ɔ̃ ∼ ³¹,,,
634,xiandao,1304,tsɔ³¹ui³¹,ts ɔ ³¹ + u i ³¹,,,
1471,bola,1441,tɔ̃³¹,t ɔ̃ ∼ ³¹,,,
660,achanglongchuan,1489,xan³¹tɕin³¹,x a n ³¹ + tɕ i n ³¹,,,
7387,oldburmese,784,nhaṅḥ,n̥ a ŋ ⁵⁵,,,
663,atsi,1489,mu̱t⁵⁵mau⁵⁵,m ṵ t ⁵⁵ + m a u ⁵⁵,,,
664,bola,1489,tʃa̱m⁵⁵,tʃ a̰ m ⁵⁵,,,
1476,xiandao,1441,tʂam⁵⁵,tʂ a m ⁵⁵,,,
666,lashi,1489,tsɔ̱m⁵⁵mou⁵⁵,ts ɔ̰ m ⁵⁵ + m o u ⁵⁵,,,
667,maru,1489,tʃa̱m³¹thɔi³⁵,tʃ a̰ m ³¹ + tʰ ɔ i ³⁵,,,
668,xiandao,1489,çaŋ⁵⁵cin³¹,ç a ŋ ⁵⁵ + c i n ³¹,,,
672,achanglongchuan,1287,kʐuat⁵⁵,k ʐ u a t ⁵⁵,bad concept,,
674,atsi,1287,kjoʔ²¹,k j o ʔ ²¹,bad concept,,
675,bola,1287,kjaʔ³¹,k j a ʔ ³¹,bad concept,,
676,lashi,1287,ŋaːm⁵⁵,ŋ aː m ⁵⁵,bad concept,,
677,maru,1287,kjɔʔ³¹,k j ɔ ʔ ³¹,bad concept,,
678,xiandao,1287,kʐot⁵⁵,k ʐ o t ⁵⁵,bad concept,,
4780,achanglongchuan,1278,phat⁵⁵,pʰ a t ⁵⁵,,,
686,achanglongchuan,1446,ʐə³⁵,ʐ ə ³⁵,,,
4783,atsi,1278,phat⁵⁵,pʰ a t ⁵⁵,,,
689,atsi,1446,le⁵⁵,l e ⁵⁵,,,
691,bola,1446,la⁵⁵,l a ⁵⁵,,,
4788,lashi,1278,phaːt⁵⁵,pʰ aː t ⁵⁵,,,
4790,maru,1278,tauk³¹,t a u k ³¹,,,
695,maru,1446,li⁵⁵,l i ⁵⁵,,,
4793,xiandao,1278,phat⁵⁵,pʰ a t ⁵⁵,,,
2069,maru,1435,ʃɔ̆³⁵pak³¹,ʃ ɔ̆ ³⁵ + p a k ³¹,,,
8894,bola,2250,sak⁵⁵◦faʔ⁵⁵,s a k ⁵⁵ + f a ʔ ⁵⁵,,,
4801,atsi,1443,so²¹,s o ²¹,,,
4803,bola,1443,sɔ³⁵,s ɔ ³⁵,,,
4805,lashi,1443,sɔ̱ː⁵⁵,s ɔ̰ː ⁵⁵,,,
4806,maru,1443,su³⁵,s u ³⁵,,,
4808,xiandao,1443,so³¹,s o ³¹,,,
5017,atsi,1235,o⁵⁵,o ⁵⁵,,,
1486,atsi,249,sai⁵⁵von²¹,s a i ⁵⁵ + v o n ²¹,,,
1487,bola,249,sai³⁵vun³¹,s a i ³⁵ + v u n ³¹,,,
738,achanglongchuan,1420,an³⁵,a n ³⁵,,,
740,atsi,1420,ŋa̱p⁵⁵,ŋ a̰ p ⁵⁵,,,
741,bola,1420,ŋɛ̱ʔ⁵⁵,ŋ ɛ̰ ʔ ⁵⁵,,,
743,lashi,1420,ŋa̱ːp⁵⁵,ŋ a̰ː p ⁵⁵,,,
744,maru,1420,ŋɛ̱ʔ⁵⁵,ŋ ɛ̰ ʔ ⁵⁵,,,
745,xiandao,1420,an³⁵,a n ³⁵,,,
4865,achanglongchuan,948,ti⁵⁵,t i ⁵⁵,,,
4868,atsi,948,vui⁵¹,v u i ⁵¹,,,
4871,bola,948,ɣəi⁵⁵,ɣ ə i ⁵⁵,,,
4875,lashi,948,kjei³¹,k j e i ³¹,,,
4877,maru,948,ɣək³¹,ɣ ə k ³¹,,,
4879,xiandao,948,ti⁵⁵,t i ⁵⁵,,,
3033,xiandao,1337,oʔ⁵⁵,o ʔ ⁵⁵,,,
4894,achanglongchuan,1131,ŋɔ⁵⁵tuʔ³¹,ŋ ɔ ⁵⁵ + t u ʔ ³¹,bad concept,,
4895,atsi,1131,ŋa⁵⁵moʔ⁵⁵,ŋ a ⁵⁵ + m o ʔ ⁵⁵,bad concept,,
4896,bola,1131,ŋă⁵⁵maʔ³¹,ŋ ă ⁵⁵ + m a ʔ ³¹,bad concept,,
4897,lashi,1131,ŋŏ³¹nu̱ŋ⁵⁵,ŋ ŏ ³¹ + n ṵ ŋ ⁵⁵,bad concept,,
4898,maru,1131,ŋɔ̆³¹na̱uŋ⁵⁵,ŋ ɔ̆ ³¹ + n a̰ u ŋ ⁵⁵,bad concept,,
4899,xiandao,1131,ŋɔ⁵⁵tu³⁵,ŋ ɔ ⁵⁵ + t u ³⁵,bad concept,,
4231,lashi,1220,ʃŏ⁵⁵mji³³,ʃ ŏ ⁵⁵ + m j i ³³,,,
6280,xiandao,1301,chi⁵⁵,cʰ i ⁵⁵,,,
4237,xiandao,1220,n̥i³¹tʂhɔ³¹,n̥ i ³¹ + ʈʂʰ ɔ ³¹,,,
4951,achanglongchuan,1726,phet⁵⁵,pʰ e t ⁵⁵,,,
4953,atsi,1726,te̱ʔ⁵⁵,t ḛ ʔ ⁵⁵,,,
4954,bola,1726,tʃɔ̱ʔ⁵⁵,tʃ ɔ̰ ʔ ⁵⁵,,,
2191,lashi,1417,sa̱ːt⁵⁵,s a̰ː t ⁵⁵,bad concept,,
4957,lashi,1726,tʃu̱ːʔ⁵⁵,tʃ ṵː ʔ ⁵⁵,,,
4958,maru,1726,tʃu̱k⁵⁵,tʃ ṵ k ⁵⁵,,,
4959,xiandao,1726,coʔ⁵⁵,c o ʔ ⁵⁵,,,
2192,maru,1417,sɛ̱ʔ⁵⁵,s ɛ̰ ʔ ⁵⁵,bad concept,,
4963,achanglongchuan,1236,pi³¹si⁵⁵,p i ³¹ + s i ⁵⁵,,,
4966,atsi,1236,xai⁵¹,x a i ⁵¹,,,
4968,bola,1236,pɛ̱⁵⁵tʃuŋ³¹,p ɛ̰ ⁵⁵ + tʃ u ŋ ³¹,,,
4970,lashi,1236,xa³¹tʃuŋ³³,x a ³¹ + tʃ u ŋ ³³,,,
4971,maru,1236,pɛ̱⁵⁵,p ɛ̰ ⁵⁵,,,
4973,xiandao,1236,pɛ³¹,p ɛ ³¹,,,
1512,atsi,420,sik⁵⁵pu̱ŋ⁵⁵,s i k ⁵⁵ + p ṵ ŋ ⁵⁵,,,
3561,bola,1409,mjɔ̃⁵⁵,m j ɔ̃ ∼ ⁵⁵,,,
888,bola,1494,ʃɿ⁵⁵,ʃ ɿ ⁵⁵,,,
4244,atsi,1265,mja̱ŋ⁵¹,m j a̰ ŋ ⁵¹,,,
4987,atsi,1237,kha⁵¹ma⁵⁵,kʰ a ⁵¹ + m a ⁵⁵,,,
4989,bola,1237,khăk⁵⁵khja⁵⁵,kʰ ă k ⁵⁵ + kʰ j a ⁵⁵,,,
149,xiandao,1927,o³¹,o ³¹,,,
896,maru,1494,ʃik³¹,ʃ i k ³¹,,,
898,xiandao,1494,ʂɿ⁵⁵,ʂ ɿ ⁵⁵,,,
4998,achanglongchuan,1335,phʐo⁵⁵,pʰ ʐ o ⁵⁵,,,
5000,atsi,1335,phju⁵¹,pʰ j u ⁵¹,,,
5001,bola,1335,phju⁵⁵,pʰ j u ⁵⁵,,,
5004,lashi,1335,phjuː³³,pʰ j uː ³³,,,
5005,maru,1335,phju³¹,pʰ j u ³¹,,,
5006,xiandao,1335,phʐu⁵⁵,pʰ ʐ u ⁵⁵,,,
913,atsi,1418,khai²¹,kʰ a i ²¹,bad concept,,
917,lashi,1418,tuː³³,t uː ³³,bad concept,,
5014,achanglongchuan,1235,xau⁵⁵,x a u ⁵⁵,,,
920,xiandao,1418,tu³¹,t u ³¹,bad concept,,
921,achanglongchuan,1418,tu³¹,t u ³¹,bad concept,,
5019,bola,1235,khak⁵⁵jauʔ³¹,kʰ a k ⁵⁵ + j a u ʔ ³¹,,,
2202,bola,1371,pɔ̱t⁵⁵lauʔ⁵⁵,p ɔ̰ t ⁵⁵ + l a u ʔ ⁵⁵,,,
5022,lashi,1235,xaŋ⁵⁵,x a ŋ ⁵⁵,,,
5023,maru,1235,khə̆³¹jauk³¹,kʰ ə̆ ³¹ + j a u k ³¹,,,
5025,xiandao,1235,xau⁵⁵,x a u ⁵⁵,,,
6299,atsi,2376,a²¹pji̱⁵¹,a ²¹ + p j ḭ ⁵¹,,,
936,achanglongchuan,1230,ək³⁵,ə k ³⁵,,,
938,atsi,1230,tʃhaʔ⁵⁵,tʃʰ a ʔ ⁵⁵,,,
940,bola,1230,lu̱³⁵,l ṵ ³⁵,,,
942,lashi,1230,a³¹san⁵⁵,a ³¹ + s a n ⁵⁵,,,
943,maru,1230,la̱u³⁵,l a̰ u ³⁵,,,
944,xiandao,1230,ɤk³⁵,ɤ k ³⁵,,,
5049,achanglongchuan,1199,ȵi³¹mɔʔ³¹,nʲ i ³¹ + m ɔ ʔ ³¹,,,
6303,achanglongchuan,846,lɔ³¹,l ɔ ³¹,,,
5052,atsi,1199,mji²¹,m j i ²¹,,,
957,atsi,2009,khui²¹,kʰ u i ²¹,,,
5054,bola,1199,jõ³¹mi³¹,j õ ³¹ + m i ³¹,,,
961,lashi,2009,khui⁵⁵,kʰ u i ⁵⁵,,,
5058,maru,1199,mji³⁵,m j i ³⁵,,,
964,xiandao,2009,fui³¹,f u i ³¹,,,
9161,oldburmese,toburnintransitive,ñi,nʲ i,,,
5066,achanglongchuan,960,l̥i⁵⁵,l̥ i ⁵⁵,,,
5069,atsi,960,lai⁵¹,l a i ⁵¹,,,
5071,bola,960,li⁵⁵,l i ⁵⁵,,,
5074,lashi,960,lei³¹,l e i ³¹,,,
5075,maru,960,la³¹,l a ³¹,,,
980,achanglongchuan,2374,it⁵⁵mɔʔ⁵⁵,i t ⁵⁵ + m ɔ ʔ ⁵⁵,,,
5077,xiandao,960,lai⁵⁵,l a i ⁵⁵,,,
982,bola,2374,ja̱p⁵⁵maʔ⁵⁵,j a̰ p ⁵⁵ + m a ʔ ⁵⁵,,,
983,lashi,2374,jɔ̱p⁵⁵mɔʔ³¹,j ɔ̰ p ⁵⁵ + m ɔ ʔ ³¹,,,
984,maru,2374,ja̱p³¹mɔʔ³¹,j a̰ p ³¹ + m ɔ ʔ ³¹,,,
985,xiandao,2374,in³¹mɔʔ⁵⁵,i n ³¹ + m ɔ ʔ ⁵⁵,,,
5089,achanglongchuan,1257,a³¹tuŋ⁵⁵,a ³¹ + t u ŋ ⁵⁵,,,
5627,rangoon,1277,lɛʔ⁴,l ɛ ʔ ⁴,,,
5092,atsi,1257,tuŋ⁵¹,t u ŋ ⁵¹,,,
5094,bola,1257,tauŋ⁵⁵,t a u ŋ ⁵⁵,,,
5098,lashi,1257,tuŋ³¹,t u ŋ ³¹,,,
5100,maru,1257,tauŋ³¹,t a u ŋ ³¹,,,
5629,rangoon,1333,lɛ²²pĩ⁵⁵,l ɛ ²² + p ĩ ∼ ⁵⁵,,,
5108,achanglongchuan,1454,sut⁵⁵,s u t ⁵⁵,,,
1534,bola,1500,məi³¹,m ə i ³¹,,,
5111,atsi,1454,sut⁵⁵,s u t ⁵⁵,,,
5113,bola,1454,sɔt⁵⁵,s ɔ t ⁵⁵,,,
5116,lashi,1454,suːt⁵⁵,s uː t ⁵⁵,,,
5117,maru,1454,sa̱t⁵⁵,s a̰ t ⁵⁵,,,
5120,xiandao,1454,sut⁵⁵,s u t ⁵⁵,,,
5127,achanglongchuan,962,i³¹ȵɔ³¹,i ³¹ + nʲ ɔ ³¹,,,
5130,atsi,962,mji²¹ve²¹,m j i ²¹ + v e ²¹,,,
5132,bola,962,mi³¹ɣɛ³¹,m i ³¹ + ɣ ɛ ³¹,,,
1037,achanglongchuan,1398,səʔ⁵⁵,s ə ʔ ⁵⁵,,,
1039,atsi,1398,xui⁵⁵,x u i ⁵⁵,,,
1040,bola,1398,kja̱uʔ⁵⁵,k j a̰ u ʔ ⁵⁵,,,
5138,xiandao,962,ji³¹ɲɔ³¹,j i ³¹ + ɲ ɔ ³¹,,,
1043,lashi,1398,kju̱ːʔ⁵⁵,k j ṵː ʔ ⁵⁵,,,
1044,maru,1398,fai⁵⁵,f a i ⁵⁵,,,
1046,xiandao,1398,tsui³⁵,ts u i ³⁵,,,
5148,achanglongchuan,1803,ʂək⁵⁵,ʂ ə k ⁵⁵,,,
5150,atsi,1803,sik⁵⁵tu̱m⁵⁵,s i k ⁵⁵ + t ṵ m ⁵⁵,,,
5152,bola,1803,sak⁵⁵ta̱m³⁵,s a k ⁵⁵ + t a̰ m ³⁵,,,
5155,lashi,1803,sə̱k⁵⁵tɔ̱m⁵³,s ə̰ k ⁵⁵ + t ɔ̰ m ⁵³,,,
5156,maru,1803,sak⁵⁵thauŋ³⁵,s a k ⁵⁵ + tʰ a u ŋ ³⁵,,,
5158,xiandao,1803,pɛn³¹,p ɛ n ³¹,,,
5171,achanglongchuan,1226,n̥ək⁵⁵,n̥ ə k ⁵⁵,,,
5173,atsi,1226,tsan⁵¹,ts a n ⁵¹,,,
5175,bola,1226,tɛ̃⁵⁵,t ɛ̃ ∼ ⁵⁵,,,
5178,lashi,1226,tsan³¹,ts a n ³¹,,,
5179,maru,1226,tsəŋ³¹,ts ə ŋ ³¹,,,
5180,xiandao,1226,n̥ɤk⁵⁵,n̥ ɤ k ⁵⁵,,,
1089,achanglongchuan,2,ȵ̥on⁵⁵mɔk³⁵,n̥ʲ o n ⁵⁵ + m ɔ k ³⁵,,,
1091,atsi,2,phui²¹la̱u⁵¹,pʰ u i ²¹ + l a̰ u ⁵¹,,,
1092,bola,2,phə̆³¹lau⁵⁵,pʰ ə̆ ³¹ + l a u ⁵⁵,,,
1093,lashi,2,phə̆⁵⁵lo̱u³³,pʰ ə̆ ⁵⁵ + l o̰ u ³³,,,
1094,maru,2,phɔ̆i³⁵lu̱k³¹,pʰ ɔ̆ i ³⁵ + l ṵ k ³¹,,,
9057,lashi,2250,a³¹◦fu̱ʔ⁵⁵,a ³¹ + f ṵ ʔ ⁵⁵,,,
1097,achanglongchuan,1247,ni³¹tʂhua³¹,n i ³¹ + ʈʂʰ u a ³¹,,,
2231,achanglongchuan,624,n̥ɔŋ³⁵,n̥ ɔ ŋ ³⁵,,,
1100,atsi,1247,nŏ²¹phjo²¹,n ŏ ²¹ + pʰ j o ²¹,,,
1103,bola,1247,nə̆³¹khj⁵⁵,n ə̆ ³¹ + kʰ j ɛ ʔ ⁵⁵,,,
5202,achanglongchuan,1424,ləŋ³⁵,l ə ŋ ³⁵,,,
1108,lashi,1247,nə̆³³khjap⁵⁵,n ə̆ ³³ + kʰ j a p ⁵⁵,,,
5205,bola,1424,ŋju̱ŋ⁵⁵,ŋ j ṵ ŋ ⁵⁵,,,
5207,lashi,1424,xəː³³,x əː ³³,,,
5208,maru,1424,xui³¹,x u i ³¹,,,
5209,xiandao,1424,l̥ɯŋ³⁵,l̥ ɯ ŋ ³⁵,,,
2189,bola,1417,sɛ̱ʔ⁵⁵,s ɛ̰ ʔ ⁵⁵,bad concept,,
5220,achanglongchuan,1213,nuaŋ⁵⁵tuʔ³¹,n u a ŋ ⁵⁵ + t u ʔ ³¹,bad concept,,
1125,bola,1336,ta³¹,t a ³¹,,,
5222,atsi,1213,nuŋ⁵⁵moʔ⁵⁵,n u ŋ ⁵⁵ + m o ʔ ⁵⁵,bad concept,,
5223,bola,1213,nauŋ³¹maʔ³¹,n a u ŋ ³¹ + m a ʔ ³¹,bad concept,,
1129,lashi,1336,tsɔː³³,ts ɔː ³³,,,
5226,maru,1213,nɔ̃̆³¹na̱uŋ⁵⁵,n ɔ̃̆ ∼ ³¹ + n a̰ u ŋ ⁵⁵,bad concept,,
5228,xiandao,1213,nɔŋ⁵⁵tu³⁵,n ɔ ŋ ⁵⁵ + t u ³⁵,bad concept,,
5229,achanglongchuan,1215,nuaŋ⁵⁵,n u a ŋ ⁵⁵,bad concept,,
5230,atsi,1215,naŋ⁵¹,n a ŋ ⁵¹,bad concept,,
5231,bola,1215,nɔ̃⁵⁵,n ɔ̃ ∼ ⁵⁵,bad concept,,
5232,lashi,1215,naŋ³¹,n a ŋ ³¹,bad concept,,
5233,maru,1215,nɔ̃³¹,n ɔ̃ ∼ ³¹,bad concept,,
1538,maru,1500,pjik³¹,p j i k ³¹,,,
5651,rangoon,606,mjɛʔ⁴,m j ɛ ʔ ⁴,,,
1140,bola,744,u̱³⁵,ṵ ³⁵,,,
6334,rangoon,2376,kɑ̃⁵³lɑ̃⁵³,k ɑ̃ ∼ ⁵³ + l ɑ̃ ∼ ⁵³,,,
7403,oldburmese,800,po₂ṅ,p ʊ ŋ,,,
1144,maru,744,a̱u⁵⁵,a̰ u ⁵⁵,,,
5246,rangoon,1403,kɑiʔ⁴,k ɑ i ʔ ⁴,,,
1557,atsi,503,pŏ̱²¹kje̱k⁵⁵,p ŏ̰ ²¹ + k j ḛ k ⁵⁵,,,
1152,atsi,1705,ʃit⁵⁵,ʃ i t ⁵⁵,,,
5249,rangoon,1710,hniʔ⁴shɛ²²,n̥ i ʔ ⁴ + sʰ ɛ ²²,,,
5250,rangoon,1447,pe⁵⁵,p e ⁵⁵,,,
5251,rangoon,1725,m̥ɑ̃²²,m̥ ɑ̃ ∼ ²²,,,
1156,lashi,1705,ʃɛ̱t⁵⁵,ʃ ɛ̰ t ⁵⁵,,,
1157,maru,1705,ʃɛʔ⁵⁵,ʃ ɛ ʔ ⁵⁵,,,
1158,xiandao,1705,çɛʈ⁵⁵,ç ɛ ʈ ⁵⁵,,,
5255,rangoon,2374,eʔ⁴mɛʔ⁴,e ʔ ⁴ + m ɛ ʔ ⁴,,,
5257,rangoon,15,pʰjɑ̃²²,pʰ j ɑ̃ ∼ ²²,,,
5258,rangoon,420,tɔ⁵⁵,t ɔ ⁵⁵,,,
5262,rangoon,1423,jɑ̃²²pʰjiʔ⁴,j ɑ̃ ∼ ²² + pʰ j i ʔ ⁴,bad concept,,
5264,rangoon,1278,ɑ̃²²,ɑ̃ ∼ ²²,,,
6339,achanglongchuan,843,kuŋ³¹kai³⁵ʑai⁵⁵,k u ŋ ³¹ + k a i ³⁵ + ʑ a i ⁵⁵,,,
5268,rangoon,1424,wa²²,w a ²²,,,
5269,rangoon,1198,mjɑ⁵⁵,m j ɑ ⁵⁵,,,
5271,rangoon,1220,ɑ⁵³mji⁵⁵,ɑ ⁵³ + m j i ⁵⁵,,,
5272,rangoon,1406,we⁵⁵,w e ⁵⁵,,,
1177,bola,1248,mjaʔ³¹tʃɿ³⁵,m j a ʔ ³¹ + tʃ ɿ ³⁵,,,
5276,rangoon,1489,tẽ²²,t ẽ ∼ ²²,,,
5277,rangoon,587,pɑ⁵³jwɛʔ⁴sheʔ⁴,p ɑ ⁵³ + j w ɛ ʔ ⁴ + sʰ e ʔ ⁴,,,
1184,maru,1248,mjɔʔ³¹tʃik⁵⁵,m j ɔ ʔ ³¹ + tʃ i k ⁵⁵,,,
5281,rangoon,658,mo⁵⁵,m o ⁵⁵,bad concept,,
5282,rangoon,948,je²²,j e ²²,,,
5284,rangoon,1634,(tiʔ⁴)◦jɑ²²,t i ʔ ⁴ + j ɑ ²²,,,
5287,rangoon,1343,ne²²,n e ²²,,,
5290,rangoon,1515,shɛ²²,sʰ ɛ ²²,,,
5292,rangoon,1413,kɑ⁵³sɑ⁵³,k ɑ ⁵³ + s ɑ ⁵³,,,
5294,rangoon,1448,kɑ̃i²²,k ɑ̃ i ∼ ²²,bad concept,,
5297,rangoon,1216,ɑ⁵³me²²,ɑ ⁵³ + m e ²²,,,
5298,rangoon,674,pɑ⁵⁵sɑʔ⁴,p ɑ ⁵⁵ + s ɑ ʔ ⁴,,,
5299,rangoon,227,ŋɑ⁵⁵,ŋ ɑ ⁵⁵,,,
5300,rangoon,2112,o²²,o ²²,,,
5301,rangoon,221,mi⁵⁵,m i ⁵⁵,,,
5308,rangoon,1199,mɑ⁵³|jɑ⁵⁵,m ɑ ⁵³ + j ɑ ⁵⁵,,,
5310,rangoon,1256,kʰɑ̃u⁵⁵,kʰ ɑ̃ u ∼ ⁵⁵,,,
5311,rangoon,1256,gɑ̃u⁵⁵,g ɑ̃ u ∼ ⁵⁵,,,
5316,rangoon,1215,mĩ⁵⁵,m ĩ ∼ ⁵⁵,bad concept,,
5318,rangoon,2128,lɛʔ⁴tθɛ⁵⁵,l ɛ ʔ ⁴ + tθ ɛ ⁵⁵,,,
1569,achanglongchuan,1507,ʂə³¹,ʂ ə ³¹,,,
5322,rangoon,1409,mjĩ²²,m j ĩ ∼ ²²,,,
5326,rangoon,1040,shɑ̃²²pĩ²²,sʰ ɑ̃ ∼ ²² + p ĩ ∼ ²²,,,
5327,rangoon,2003,si⁵⁵,s i ⁵⁵,,,
1132,maru,1336,tsɔ³⁵,ts ɔ ³⁵,,,
5330,rangoon,1099,ne²²,n e ²²,,,
5667,rangoon,1443,tθwɑ⁵⁵,tθ w ɑ ⁵⁵,,,
5332,rangoon,1442,jɑʔ⁴,j ɑ ʔ ⁴,bad concept,,
2254,bola,1355,ɣəi⁵⁵,ɣ ə i ⁵⁵,,,
5334,rangoon,1507,ɑ⁵³tθi⁵⁵,ɑ ⁵³ + tθ i ⁵⁵,,,
5337,rangoon,1221,n̥ɑ²²kʰɑ̃u⁵⁵,n̥ ɑ ²² + kʰ ɑ̃ u ∼ ⁵⁵,,,
5339,rangoon,1428,lɑ̃u²²,l ɑ̃ u ∼ ²²,,,
1244,bola,1406,vɛ³¹,v ɛ ³¹,,,
5342,rangoon,1234,ʨʰɔ⁵⁵,tɕʰ ɔ ⁵⁵,,,
1247,lashi,1406,vɛː³³,v ɛː ³³,,,
1248,maru,1406,va³⁵,v a ³⁵,,,
1249,xiandao,1406,vɛ³¹,v ɛ ³¹,,,
5347,rangoon,1382,ɑʔ⁴,ɑ ʔ ⁴,,,
5353,rangoon,1408,ʨɑ⁵⁵,tɕ ɑ ⁵⁵,,,
5355,rangoon,1869,wɛ²²,w ɛ ²²,,,
893,lashi,1494,ʃeːi³³,ʃ eː i ³³,,,
5360,rangoon,730,mwe²²,m w e ²²,,,
5361,rangoon,1244,tʰu²²,tʰ u ²²,,,
5363,rangoon,1404,mɑʔ⁴,m ɑ ʔ ⁴,bad concept,,
5365,rangoon,1246,ŋɛ²²,ŋ ɛ ²²,,,
5367,rangoon,1292,sho⁵⁵,sʰ o ⁵⁵,,,
5368,rangoon,1292,ȵɑ̃⁵³,nʲ ɑ̃ ∼ ⁵³,,,
1273,achanglongchuan,1217,teʔ⁵⁵,t e ʔ ⁵⁵,,,
4991,lashi,1237,khă³³mo³³,kʰ ă ³³ + m o ³³,,,
5372,rangoon,1429,pje⁵³,p j e ⁵³,,,
1277,bola,1217,a³¹va⁵⁵,a ³¹ + v a ⁵⁵,,,
1280,lashi,1217,a⁵⁵pho⁵³,a ⁵⁵ + pʰ o ⁵³,,,
4992,maru,1237,mhə̆³¹mɛ³¹,m̥ ə̆ ³¹ + m ɛ ³¹,,,
1283,xiandao,1217,po³¹,p o ³¹,,,
5381,rangoon,1454,tθoʔ⁴,tθ o ʔ ⁴,,,
5382,rangoon,1213,mĩ⁵⁵◦to⁵³,m ĩ ∼ ⁵⁵ + t o ⁵³,bad concept,,
5386,rangoon,239,ɑ⁵³pwĩ⁵³,ɑ ⁵³ + p w ĩ ∼ ⁵³,,,
4994,xiandao,1237,xɔ³¹lɔ³¹,x ɔ ³¹ + l ɔ ³¹,,,
5677,rangoon,1237,ɑ⁵³◦bɛ²²m̥ɑ²²,ɑ ⁵³ + b ɛ ²² + m̥ ɑ ²²,,,
2498,maru,2106,jauk³¹kai³¹,j a u k ³¹ + k a i ³¹,,,
1298,achanglongchuan,1201,a³¹mui³¹,a ³¹ + m u i ³¹,,,
1299,atsi,1201,ʃŏ²¹mau⁵⁵,ʃ ŏ ²¹ + m a u ⁵⁵,,,
1301,bola,1201,a³¹mau³⁵,a ³¹ + m a u ³⁵,,,
5398,rangoon,1396,tʰɛʔ⁴,tʰ ɛ ʔ ⁴,bad concept,,
1303,lashi,1201,sŏ⁵⁵mou⁵⁵,s ŏ ⁵⁵ + m o u ⁵⁵,,,
5400,rangoon,1620,tθɑ⁵⁵,tθ ɑ ⁵⁵,,,
5401,rangoon,1200,lĩ²²,l ĩ ∼ ²²,,,
5404,rangoon,1231,tθiʔ⁴,tθ i ʔ ⁴,,,
2266,achanglongchuan,2250,a³¹xʐoʔ⁵⁵,a ³¹ + x ʐ o ʔ ⁵⁵,,,
5406,rangoon,2009,kʰwe⁵⁵,kʰ w e ⁵⁵,,,
5415,rangoon,1131,ŋɑ²²◦to⁵³,ŋ ɑ ²² + t o ⁵³,bad concept,,
5416,rangoon,1398,ʨʰɑuʔ⁴,tɕʰ ɑ u ʔ ⁴,,,
6364,rangoon,1019,jɑ²²,j ɑ ²²,,,
5418,rangoon,1500,le⁵⁵,l e ⁵⁵,,,
5419,rangoon,2250,ɑ⁵³jwɛʔ⁴,ɑ ⁵³ + j w ɛ ʔ ⁴,,,
5422,rangoon,1417,tθɑʔ⁴,tθ ɑ ʔ ⁴,bad concept,,
2269,bola,2250,sak⁵⁵faʔ⁵⁵,s a k ⁵⁵ + f a ʔ ⁵⁵,,,
5424,rangoon,156,ni²²,n i ²²,,,
5425,rangoon,624,kɑ̃²²,k ɑ̃ ∼ ²²,,,
5427,rangoon,744,û⁵³,u ⁵³,,,
5428,rangoon,1235,mi²²tθu²²,m i ²² + tθ u ²²,,,
5429,rangoon,1235,bɛ²²tθu²²,b ɛ ²² + tθ u ²²,,,
5430,rangoon,1937,tʰo²²◦ɑ⁵³nɑ⁵⁵,tʰ o ²² + ɑ ⁵³ + n ɑ ⁵⁵,bad concept,,
5437,rangoon,1704,kʰu⁵³n̥iʔ⁴,kʰ u ⁵³ + n̥ i ʔ ⁴,,,
5438,rangoon,1474,pĩ²²lɛ²²,p ĩ ²² + l ɛ ²²,,,
5441,rangoon,2,pʰõ²²,pʰ õ ∼ ²²,,,
5447,rangoon,1455,shwɛ⁵⁵,sʰ w ɛ ⁵⁵,,,
1352,achanglongchuan,1423,tek⁵⁵kɔ³¹,t e k ⁵⁵ + k ɔ ³¹,bad concept,,
5451,rangoon,1494,tθe²²,tθ e ²²,,,
5452,rangoon,778,mi⁵⁵kʰo⁵⁵,m i ⁵⁵ + kʰ o ⁵⁵,,,
5453,rangoon,492,tθõ⁵⁵,tθ õ ∼ ⁵⁵,,,
5457,rangoon,634,ɑ⁵³tθɑ⁵⁵,ɑ ⁵³ + tθ ɑ ⁵⁵,,,
5459,rangoon,1230,ȵiʔ⁴pɑʔ⁴,nʲ i ʔ ⁴ + p ɑ ʔ ⁴,,,
1364,bola,1423,pɛʔ³¹la̱m³⁵,p ɛ ʔ ³¹ + l a̰ m ³⁵,bad concept,,
1365,lashi,1423,pat³¹kɔ⁵⁵,p a t ³¹ + k ɔ ⁵⁵,bad concept,,
1366,maru,1423,pɛʔ³¹la̱m³¹,p ɛ ʔ ³¹ + l a̰ m ³¹,bad concept,,
5466,rangoon,615,mjĩ⁵⁵,m j ĩ ⁵⁵,,,
5469,rangoon,960,le²²,l e ²²,,,
5470,rangoon,1435,ɑ⁵³mɛ⁵⁵lɑiʔ⁴,ɑ ⁵³ + m ɛ ⁵⁵ + l ɑ i ʔ ⁴,,,
5472,rangoon,1803,tθiʔ⁴tõ⁵⁵,tθ i ʔ ⁴ + t õ ∼ ⁵⁵,,,
5476,rangoon,1257,tɑ̃u²²pɑ̃²²,t ɑ̃ u ∼ ²² + p ɑ̃ ∼ ²²,,,
5478,rangoon,1456,piʔ⁴,p i ʔ ⁴,bad concept,,
5482,rangoon,1052,pɔ⁵³,p ɔ ⁵³,,,
5483,rangoon,1355,ji²²,j i ²²,,,
5489,rangoon,1371,du⁵⁵,d u ⁵⁵,,,
1394,achanglongchuan,221,poi³¹,p o i ³¹,,,
5491,rangoon,136,i²²◦twĩ²²,i ²² + t w ĩ ∼ ²²,bad concept,,
1396,atsi,221,mji²¹,m j i ²¹,,,
1397,bola,221,mi³¹,m i ³¹,,,
5494,rangoon,1248,mjɛʔ⁴si⁵³,m j ɛ ʔ ⁴ + s i ⁵³,,,
1400,lashi,221,mji³³,m j i ³³,,,
1401,maru,221,mji³⁵,m j i ³⁵,,,
1402,xiandao,221,n̩⁵⁵pui³¹,n̩ ⁵⁵ + p u i ³¹,,,
1403,xiandao,221,n̩⁵⁵pui³¹,n̩ ⁵⁵ + p u i ³¹,,,
5500,rangoon,175,n̥ɑʔ⁴ȵiʔ⁴,n̥ ɑ ʔ ⁴ + nʲ i ʔ ⁴,,,
5502,rangoon,1035,kɑ̃u⁵⁵,k ɑ̃ u ∼ ⁵⁵,,,
1407,achanglongchuan,227,ŋa³¹ʂua³¹,ŋ a ³¹ + ʂ u a ³¹,,,
5505,rangoon,906,tθiʔ⁴pĩ²²,tθ i ʔ ⁴ + p ĩ ∼ ²²,,,
5506,rangoon,671,tθɛ⁵⁵,tθ ɛ ⁵⁵,,,
1411,bola,227,ŋə̆³¹ta³¹,ŋ ə̆ ³¹ + t a ³¹,,,
918,maru,1418,tau³⁵,t a u ³⁵,bad concept,,
1414,lashi,227,ŋə̆³¹tso³³,ŋ ə̆ ³¹ + ts o ³³,,,
1415,maru,227,ŋə̆³¹tsɔ³¹,ŋ ə̆ ³¹ + ts ɔ ³¹,,,
5512,rangoon,1236,ɑ⁵³bɛ²²,ɑ ⁵³ + b ɛ ²²,,,
1417,xiandao,227,ŋ̊ɔ̆³¹ʂɔ³¹,ŋ̊ ɔ̆ ³¹ + ʂ ɔ ³¹,,,
5514,rangoon,1415,twe⁵⁵,t w e ⁵⁵,,,
5516,rangoon,1418,tu⁵⁵,t u ⁵⁵,bad concept,,
5517,rangoon,215,tõ⁵⁵lõ⁵⁵ɬɛ⁵⁵,t õ ∼ ⁵⁵ + l õ ∼ ⁵⁵ + ɬ ɛ ⁵⁵,,,
5518,rangoon,1927,wɑ⁵⁵,w ɑ ⁵⁵,,,
1423,atsi,493,ŋo²¹,ŋ o ²¹,,,
1424,bola,493,ŋa³¹,ŋ a ³¹,,,
5522,rangoon,1420,je²²,j e ²²,,,
1427,lashi,493,ŋ³³,ŋ ³³,,,
1428,maru,493,ŋɔ⁵⁵,ŋ ɔ ⁵⁵,,,
1429,xiandao,493,ŋɔ³¹,ŋ ɔ ³¹,,,
5527,rangoon,1217,ɑ⁵³pʰe²²,ɑ ⁵³ + pʰ e ²²,,,
5528,rangoon,163,nɛʔ⁴,n ɛ ʔ ⁴,,,
1433,achanglongchuan,1574,ȵə³¹,nʲ ə ³¹,,,
5530,rangoon,1405,nɑ²²mɛ²²,n ɑ ²² + m ɛ ²²,bad concept,,
1435,atsi,1574,mju²¹,m j u ²¹,,,
1437,bola,1574,mjuŋ³¹,m j u ŋ ³¹,,,
5534,rangoon,1335,pʰju²²,pʰ j u ²²,,,
1439,lashi,1574,kjaːm⁵⁵,k j aː m ⁵⁵,,,
5536,rangoon,1337,wɛʔ⁴,w ɛ ʔ ⁴,,,
5537,rangoon,1404,pʰjɑ̃u⁵³,pʰ j ɑ̃ u ∼ ⁵³,bad concept,,
5541,rangoon,1440,tʰwe⁵⁵,tʰ w e ⁵⁵,,,
5542,rangoon,1401,tθɑuʔ⁴,tθ ɑ u ʔ ⁴,,,
1447,atsi,2003,jui⁵¹,j u i ⁵¹,,,
5544,rangoon,1585,eʔ⁴,e ʔ ⁴,,,
5545,rangoon,937,ŋ̊ɛʔ⁴,ŋ̊ ɛ ʔ ⁴,,,
1450,lashi,2003,jaːu³¹,j aː u ³¹,,,
1451,maru,2003,juk³¹,j u k ³¹,,,
5548,rangoon,1313,lɑ⁵³,l ɑ ⁵³,,,
5549,rangoon,1336,sɑ⁵⁵,s ɑ ⁵⁵,,,
5550,rangoon,1417,pɔ²²,p ɔ ²²,bad concept,,
925,bola,1418,khøʔ³¹,kʰ ø ʔ ³¹,bad concept,,
1456,achanglongchuan,239,kăn⁵⁵tam³¹,k ă n ⁵⁵ + t a m ³¹,,,
1458,atsi,239,pan²¹,p a n ²¹,,,
1459,bola,239,pɛ̃³¹pɔ³⁵,p ɛ̃ ∼ ³¹ + p ɔ ³⁵,,,
5556,rangoon,1247,nɑ⁵⁵,n ɑ ⁵⁵,,,
5558,rangoon,1380,tθwɑ⁵⁵,tθ w ɑ ⁵⁵,,,
1463,maru,239,pəŋ³⁵,p ə ŋ ³⁵,,,
5560,rangoon,1214,(di²²),d i ²²,,,
5561,rangoon,1218,ʨo⁵⁵,tɕ o ⁵⁵,,,
5564,rangoon,78,ho²²,h o ²²,bad concept,,
5565,rangoon,78,tʰo²²,tʰ o ²²,bad concept,,
5567,rangoon,1645,to²²,t o ²²,bad concept,,
1474,lashi,1441,taːŋ³³,t aː ŋ ³³,,,
1475,maru,1441,tɔ̃³⁵,t ɔ̃ ∼ ³⁵,,,
5572,rangoon,1430,ʨɛ²²,tɕ ɛ ²²,,,
5573,rangoon,713,kʰo⁵⁵,kʰ o ⁵⁵,,,
5575,rangoon,1705,ɕiʔ⁴,ɕ i ʔ ⁴,,,
5577,rangoon,1304,kɑ⁵³le⁵⁵,k ɑ ⁵³ + l e ⁵⁵,,,
1483,achanglongchuan,249,mau³¹tum⁵⁵,m a u ³¹ + t u m ⁵⁵,,,
5581,rangoon,1393,ʨʰo²²,tɕʰ o ²²,,,
5582,rangoon,1393,ʥo²²,dʑ o ²²,,,
5583,rangoon,670,ɑ⁵³mjiʔ⁴,ɑ ⁵³ + m j i ʔ ⁴,,,
1489,lashi,249,sa̱i³³wan³¹,s a̰ i ³³ + w a n ³¹,,,
1490,maru,249,tʃam³¹thɔi³⁵,tʃ a m ³¹ + tʰ ɔ i ³⁵,,,
1491,xiandao,249,çaŋ⁵⁵cin³¹,ç a ŋ ⁵⁵ + c i n ³¹,,,
5588,rangoon,1205,ɕɑ²²,ɕ ɑ ²²,,,
5593,rangoon,602,pʰwɛʔ⁴,pʰ w ɛ ʔ ⁴,bad concept,,
5597,rangoon,946,tθwe⁵⁵,tθ w e ⁵⁵,,,
5600,rangoon,1402,no⁵³õ²²,n o ⁵³ + õ ∼ ²²,,,
5602,rangoon,857,u²²tɑ̃i²²,u ²² + t ɑ̃ i ∼ ²²,,,
5603,rangoon,857,ɑ⁵³si⁵³,ɑ ⁵³ + s i ⁵³,,,
5604,rangoon,503,pʰa⁵⁵,pʰ a ⁵⁵,,,
5605,rangoon,244,wɛ⁵⁵,w ɛ ⁵⁵,,,
5606,rangoon,244,bɛ²²,b ɛ ²²,,,
5607,rangoon,1201,ŋ̊ɛʔ⁴mwe⁵⁵,ŋ̊ ɛ ʔ ⁴ + m w e ⁵⁵,,,
5608,rangoon,1732,mo⁵⁵,m o ⁵⁵,,,
1513,bola,420,sak⁵⁵ja⁵⁵,s a k ⁵⁵ + j a ⁵⁵,,,
5610,rangoon,1224,ɑ⁵³tθɛ⁵⁵,ɑ ⁵³ + tθ ɛ ⁵⁵,,,
1515,maru,420,sa̱k⁵⁵jɔ³¹,s a̰ k ⁵⁵ + j ɔ ³¹,,,
5612,rangoon,1203,ɕe²²,ɕ e ²²,,,
5613,rangoon,639,tɑ̃u²²,t ɑ̃ u ∼ ²²,,,
5614,rangoon,1425,sẽ⁵⁵,s ẽ ∼ ⁵⁵,,,
6188,maru,1395,laŋ⁵⁵,l a ŋ ⁵⁵,,,
5618,rangoon,1703,ʨʰɑuʔ⁴,tɕʰ ɑ u ʔ ⁴,,,
5619,rangoon,1228,mje²²,m j e ²²,,,
5620,rangoon,1493,tiʔ⁴,t i ʔ ⁴,,,
5623,rangoon,1942,ni⁵⁵,n i ⁵⁵,bad concept,,
5625,rangoon,1446,lɑ²²,l ɑ ²²,,,
5626,rangoon,1574,pɔ²²,p ɔ ²²,,,
1531,achanglongchuan,1500,mi³¹,m i ³¹,,,
1533,atsi,1500,mji²¹,m j i ²¹,,,
5630,rangoon,1287,ʨʰɑ̃⁵⁵,tɕʰ ɑ̃ ∼ ⁵⁵,bad concept,,
5633,rangoon,1226,n̥iʔ⁴,n̥ i ʔ ⁴,,,
5634,rangoon,1261,sho²²,sʰ o ²²,,,
1539,xiandao,1500,mi⁵⁵,m i ⁵⁵,,,
5636,rangoon,1436,ɑ⁵³jɑ⁵⁵pʰjɑuʔ⁴,ɑ ⁵³ + j ɑ ⁵⁵ + pʰ j ɑ u ʔ ⁴,bad concept,,
5638,rangoon,667,lɑ̃⁵⁵,l ɑ̃ ∼ ⁵⁵,,,
5639,rangoon,189,ɑ⁵³mwe⁵⁵,ɑ ⁵³ + m w e ⁵⁵,,,
5640,rangoon,1498,n̥,n̥,,,
5642,rangoon,319,jɛʔ⁴,j ɛ ʔ ⁴,,,
5645,rangoon,1483,ko⁵⁵,k o ⁵⁵,,,
5650,rangoon,1287,e⁵⁵,e ⁵⁵,bad concept,,
1555,achanglongchuan,503,phɔ³¹,pʰ ɔ ³¹,,,
5652,rangoon,1251,bɑiʔ⁴,b ɑ i ʔ ⁴,,,
5653,rangoon,1274,shɑ⁵⁵,sʰ ɑ ⁵⁵,,,
1558,bola,503,pa̱³⁵,p a̰ ³⁵,,,
5656,rangoon,98,m̥ɑ̃²²tθɑ⁵³m̥jɑ⁵³,m̥ ɑ̃ ∼ ²² + tθ ɑ ⁵³ + m̥ j ɑ ⁵³,bad concept,,
1561,lashi,503,pɑ̱⁵⁵,p ɑ̰ ⁵⁵,,,
1562,maru,503,pɔ̱³⁵,p ɔ̰ ³⁵,,,
1563,xiandao,503,phă³¹cak³⁵,pʰ ă ³¹ + c a k ³⁵,,,
5660,rangoon,1856,pjɔ⁵³,p j ɔ ⁵³,,,
5662,rangoon,1252,ẽ²²,ẽ ∼ ²²,,,
5664,rangoon,1210,le⁵⁵,l e ⁵⁵,,,
5665,rangoon,1223,hnɑ⁵³lõ⁵⁵,n̥ ɑ ⁵³ + l õ ∼ ⁵⁵,,,
1571,atsi,1507,ʃi²¹,ʃ i ²¹,,,
1572,bola,1507,ʃɿ³⁵,ʃ ɿ ³⁵,,,
5669,rangoon,784,shi⁵⁵n̥ĩ⁵⁵,sʰ i ⁵⁵ + n̥ ĩ ∼ ⁵⁵,,,
1575,lashi,1507,ʃɿ⁵⁵,ʃ ɿ ⁵⁵,,,
1576,maru,1507,ʃi³⁵,ʃ i ³⁵,,,
1577,xiandao,1507,ʂɿ³¹,ʂ ɿ ³¹,,,
5674,rangoon,2026,shɑ̃²²,sʰ ɑ̃ ∼ ²²,,,
1581,achanglongchuan,1429,pʐəŋ³⁵,p ʐ ə ŋ ³⁵,,,
3311,atsi,2026,tʃhin⁵¹,tʃʰ i n ⁵¹,,,
1584,atsi,1429,pjiŋ⁵⁵,p j i ŋ ⁵⁵,,,
1586,bola,1429,pjaŋ³⁵,p j a ŋ ³⁵,,,
5683,rangoon,1172,piʔ⁴,p i ʔ ⁴,,,
1589,lashi,1429,pjəːŋ⁵⁵,p j əː ŋ ⁵⁵,,,
1590,maru,1429,pjaŋ⁵⁵,p j a ŋ ⁵⁵,,,
1592,xiandao,1429,pɯŋ³⁵,p ɯ ŋ ³⁵,,,
1604,achanglongchuan,1447,tsi³¹,ts i ³¹,,,
1605,atsi,1447,pji²¹,p j i ²¹,,,
1606,bola,1447,pi³¹,p i ³¹,,,
1608,lashi,1447,pjeːi³³,p j eː i ³³,,,
1609,maru,1447,pjik⁵⁵,p j i k ⁵⁵,,,
1610,xiandao,1447,tsi³¹,ts i ³¹,,,
4365,maru,1244,thau³¹,tʰ a u ³¹,,,
2236,lashi,624,nɔ̱ŋ⁵⁵,n ɔ̰ ŋ ⁵⁵,,,
955,achanglongchuan,2009,xui³¹,x u i ³¹,,,
2237,maru,624,nɔ̱ŋ⁵⁵,n ɔ̰ ŋ ⁵⁵,,,
958,bola,2009,khui³⁵,kʰ u i ³⁵,,,
1655,atsi,1035,ke⁵¹,k e ⁵¹,,,
1656,bola,1035,kai⁵⁵,k a i ⁵⁵,,,
1659,lashi,1035,kɛː³¹,k ɛː ³¹,,,
1660,maru,1035,kai³¹,k a i ³¹,,,
1661,xiandao,1035,cɛ⁵⁵,ɕ ɛ ⁵⁵,,,
1667,achanglongchuan,606,sa⁵⁵,s a ⁵⁵,,,
5511,rangoon,1531,ɑ⁵³kɑ̃i⁵⁵ɑ⁵³kʰɛʔ⁴,ɑ ⁵³ + k ɑ̃ i ∼ ⁵⁵ + ɑ ⁵³ + kʰ ɛ ʔ ⁴,,,
1669,atsi,606,na̱m²¹,n a̰ m ²¹,,,
5057,lashi,1199,mji³³,m j i ³³,,,
1674,lashi,606,ma̱n⁵⁵,m a̰ n ⁵⁵,,,
1675,maru,606,ma̱ŋ³⁵,m a̰ ŋ ³⁵,,,
962,maru,2009,lə̆³¹kha³⁵,l ə̆ ³¹ + kʰ a ³⁵,,,
1684,achanglongchuan,1425,ȵau⁵⁵,nʲ a u ⁵⁵,,,
1686,atsi,1425,ŋjui⁵¹,ŋ j u i ⁵¹,,,
1687,bola,1425,ŋjuŋ⁵⁵,ŋ j u ŋ ⁵⁵,,,
5060,xiandao,1199,ni⁵⁵mɔ³¹,n i ⁵⁵ + m ɔ ³¹,,,
1690,lashi,1425,ŋjaːu³¹,ŋ j aː u ³¹,,,
1691,maru,1425,ŋjuk³¹,ŋ j u k ³¹,,,
1692,xiandao,1425,ɲau⁵⁵,ɲ a u ⁵⁵,,,
6527,lashi,800,ta̱ŋ⁵⁵pou⁵⁵,t a̰ ŋ ⁵⁵ + p o u ⁵⁵,,,
1714,achanglongchuan,1040,u³¹mui³¹,u ³¹ + m u i ³¹,,,
3699,achanglongchuan,1645,ʑɔŋ³¹,ʑ ɔ ŋ ³¹,bad concept,,
1717,atsi,1040,u²¹tsham⁵¹,u ²¹ + tsʰ a m ⁵¹,,,
1718,bola,1040,tshɛ̃⁵⁵,tsʰ ɛ̃ ∼ ⁵⁵,,,
1720,lashi,1040,tsham³³,tsʰ a m ³³,,,
1722,maru,1040,tshɛ̃³¹,tsʰ ɛ̃ ∼ ³¹,,,
1724,xiandao,1040,u³¹,u ³¹,I suspect something is wrong or missing here,,
1726,achanglongchuan,189,a³¹mui³¹,a ³¹ + m u i ³¹,,,
1653,achanglongchuan,1035,tɕi⁵⁵,tɕ i ⁵⁵,,,
1728,atsi,189,ʃŏ²¹mau⁵⁵,ʃ ŏ ²¹ + m a u ⁵⁵,,,
1730,bola,189,ʃă³⁵mau³⁵,ʃ ă ³⁵ + m a u ³⁵,,,
1734,lashi,189,ʃŏ⁵⁵mou⁵⁵,ʃ ŏ ⁵⁵ + m o u ⁵⁵,,,
1735,maru,189,ʃɔ̆³⁵muk⁵⁵,ʃ ɔ̆ ³⁵ + m u k ⁵⁵,,,
1737,xiandao,189,mui³¹,m u i ³¹,,,
5658,rangoon,714,mjo⁵⁵si⁵³,m j o ⁵⁵ + s i ⁵³,,,
1746,bola,1277,laʔ³¹,l a ʔ ³¹,,,
1752,maru,1277,lɔʔ³¹,l ɔ ʔ ³¹,,,
1754,xiandao,1277,lɔʔ⁵⁵n̥au³¹,l ɔ ʔ ⁵⁵ + n̥ a u ³¹,,,
7513,oldburmese,1172,pac,p a ts,,,
3025,achanglongchuan,1337,oʔ⁵⁵,o ʔ ⁵⁵,,,
1773,achanglongchuan,1256,ni³¹kuaŋ³¹,n i ³¹ + k u a ŋ ³¹,,,
1776,atsi,1256,u²¹lu̱m²¹,u ²¹ + l ṵ m ²¹,,,
1778,bola,1256,u̱³⁵lam³¹,ṵ ³⁵ + l a m ³¹,,,
7123,oldburmese,493,ṅāḥ,ŋ a ⁵⁵,,,
1782,lashi,1256,wo̱⁵⁵lɔ̱m⁵³,w o̰ ⁵⁵ + l ɔ̰ m ⁵³,,,
6441,bola,762,və̆³¹kauŋ³¹,v ə̆ ³¹ + k a u ŋ ³¹,,,
1784,maru,1256,au³⁵lam³⁵,a u ³⁵ + l a m ³⁵,,,
1787,xiandao,1256,u³¹kɔŋ³¹,u ³¹ + k ɔ ŋ ³¹,,,
981,atsi,2374,ju̱p⁵⁵moʔ²¹,j ṵ p ⁵⁵ + m o ʔ ²¹,,,
3031,lashi,1337,vuʔ³¹,v u ʔ ³¹,,,
1805,achanglongchuan,1408,kʐua³¹,k ʐ u a ³¹,,,
1806,atsi,1408,vo⁵⁵kjo²¹,v o ⁵⁵ + k j o ²¹,,,
2349,lashi,319,jɔːʔ³¹,j ɔː ʔ ³¹,,,
1810,lashi,1408,jɔː⁵⁵kjɔː³³,j ɔː ⁵⁵ + k j ɔː ³³,,,
1812,maru,1408,ɣɔ⁵⁵kjɔ³⁵,ɣ ɔ ⁵⁵ + k j ɔ ³⁵,,,
1815,xiandao,1408,kʐɔ³¹,k ʐ ɔ ³¹,,,
1819,achanglongchuan,1223,ȵ̥a⁵⁵lum³¹,n̥ʲ a ⁵⁵ + l u m ³¹,,,
1822,atsi,1223,ni̱k⁵⁵lu̱m²¹,n ḭ k ⁵⁵ + l ṵ m ²¹,,,
1825,bola,1223,na̱k⁵⁵lam³¹,n a̰ k ⁵⁵ + l a m ³¹,,,
1830,lashi,1223,nə̱k⁵⁵lɔm³³,n ə̰ k ⁵⁵ + l ɔ m ³³,,,
1833,maru,1223,na̱k⁵⁵lam³⁵,n a̰ k ⁵⁵ + l a m ³⁵,,,
1671,bola,606,mɛ̱̃³⁵,m ɛ̰̃ ∼ ³⁵,,,
1836,xiandao,1223,n̥ɔʔ³¹lum³¹,n̥ ɔ ʔ ³¹ + l u m ³¹,,,
1841,achanglongchuan,1210,li³¹,l i ³¹,,,
1843,atsi,1210,lai²¹,l a i ²¹,,,
1844,bola,1210,li³¹,l i ³¹,,,
1847,lashi,1210,laːi³³,l aː i ³³,,,
1848,maru,1210,la³⁵,l a ³⁵,,,
1849,xiandao,1210,lai³¹,l a i ³¹,,,
1853,achanglongchuan,136,xai⁵⁵thɔʔ⁵⁵,x a i ⁵⁵ + tʰ ɔ ʔ ⁵⁵,bad concept,,
1856,atsi,136,xji⁵¹ma⁵⁵,x j i ⁵¹ + m a ⁵⁵,bad concept,,
1858,bola,136,tʃhə̆⁵⁵mɛ̃⁵⁵--,tʃʰ ə̆ ⁵⁵ + m ɛ̃ ∼ ⁵⁵,bad concept,,
1860,lashi,136,xjɛ³³mŏ³³,x j ɛ ³³ + m ŏ ³³,bad concept,,
1861,maru,136,tʃhɛ̆³¹mɛ³¹,tʃʰ ɛ̆ ³¹ + m ɛ ³¹,bad concept,,
1863,xiandao,136,xai⁵⁵thɔʔ⁵⁵,x a i ⁵⁵ + tʰ ɔ ʔ ⁵⁵,bad concept,,
6455,achanglongchuan,1295,tam⁵⁵,t a m ⁵⁵,,,
1677,xiandao,606,sa⁵⁵,s a ⁵⁵,,,
6456,bola,1329,nɛʔ³¹ma³⁵nɛʔ³¹,n ɛ ʔ ³¹ + m a ³⁵ + n ɛ ʔ ³¹,,,
6609,rangoon,341,tɑ̃²²sĩ²²,t ɑ̃ ∼ ²² + s ĩ ∼ ²²,,,
6457,atsi,846,lo²¹mo⁵⁵,l o ²¹ + m o ⁵⁵,,,
1889,achanglongchuan,602,sau⁵⁵,s a u ⁵⁵,bad concept,,
1890,atsi,602,xaʔ⁵⁵,x a ʔ ⁵⁵,bad concept,,
1891,bola,602,ŋja̱m³⁵,ŋ j a̰ m ³⁵,bad concept,,
1892,lashi,602,ŋju̱ːm⁵⁵,ŋ j ṵː m ⁵⁵,bad concept,,
1893,maru,602,ŋja̱m³⁵,ŋ j a̰ m ³⁵,bad concept,,
1894,xiandao,602,sau⁵⁵,s a u ⁵⁵,bad concept,,
3732,maru,1261,thu³¹,tʰ u ³¹,,,
7156,oldburmese,244,vai,w aj,,,
1918,achanglongchuan,1448,m̥ʐəʔ⁵⁵,m̥ ʐ ə ʔ ⁵⁵,bad concept,,
1921,atsi,1448,tsui²¹,ts u i ²¹,bad concept,,
1923,bola,1448,tsa̱p⁵⁵,ts a̰ p ⁵⁵,bad concept,,
1926,maru,1448,tsɔi³⁵,ts ɔ i ³⁵,bad concept,,
1928,xiandao,1448,tʂhop⁵⁵,ʈʂʰ o p ⁵⁵,bad concept,,
5103,xiandao,1257,a³¹tuŋ⁵⁵,a ³¹ + t u ŋ ⁵⁵,,,
3058,achanglongchuan,1413,tseʔ⁵⁵,ts e ʔ ⁵⁵,,,
1012,bola,1401,ʃauʔ⁵⁵,ʃ a u ʔ ⁵⁵,,,
5529,rangoon,1405,nɑ²²mi²²,n ɑ ²² + m i ²²,bad concept,,
1986,bola,1393,khju⁵⁵,kʰ j u ⁵⁵,,,
1990,maru,1393,khjuk³¹,kʰ j u k ³¹,,,
1015,lashi,1401,ʃuːk⁵⁵,ʃ uː k ⁵⁵,,,
1996,achanglongchuan,615,m̥ʐaŋ³¹,m̥ ʐ a ŋ ³¹,,,
1998,atsi,615,mjaŋ²¹,m j a ŋ ²¹,,,
1999,bola,615,mjɔ̃³¹,m j ɔ̃ ∼ ³¹,,,
2002,lashi,615,mjaŋ³³,m j a ŋ ³³,,,
2003,maru,615,mjɔ̃³⁵,m j ɔ̃ ∼ ³⁵,,,
1017,maru,1401,ʃauk⁵⁵,ʃ a u k ⁵⁵,,,
2010,achanglongchuan,1252,in⁵⁵,i n ⁵⁵,,,
2012,atsi,1252,ju̱m⁵¹,j ṵ m ⁵¹,,,
2013,bola,1252,ja̱m⁵⁵,j a̰ m ⁵⁵,,,
2016,lashi,1252,jɔ̱m³³,j ɔ̰ m ³³,,,
2017,maru,1252,ja̱m³¹,j a̰ m ³¹,,,
2018,xiandao,1252,in⁵⁵,i n ⁵⁵,,,
3067,xiandao,1413,tsɛʔ⁵⁵,ts ɛ ʔ ⁵⁵,,,
6123,xiandao,1357,ji³¹ɲɔ³¹ʦɔ³¹,j i ³¹ + ɲ ɔ ³¹ + ts ɔ ³¹,,,
6124,rangoon,1486,sɑiʔ⁴,s ɑ i ʔ ⁴,,,
6125,bola,763,ʃă³⁵ka̱uʔ⁵⁵,ʃ ă ³⁵ + k a̰ u ʔ ⁵⁵,,,
6126,lashi,1854,tʃo³¹kʰjaŋ⁵³,tʃ o ³¹ + kʰ j a ŋ ⁵³,,,
6127,bola,1482,laʔ³¹sɛ̃⁵⁵,l a ʔ ³¹ + s ɛ̃ ∼ ⁵⁵,,,
6128,achanglongchuan,1395,lum³¹,l u m ³¹,,,
6129,lashi,232,kʰuk⁵⁵le̱i⁵⁵,kʰ u k ⁵⁵ + l ḛ i ⁵⁵,,,
6130,maru,609,lak³¹ɣu³¹,l a k ³¹ + ɣ u ³¹,,,
6131,bola,688,ʦɔ̱t⁵⁵,ts ɔ̰ t ⁵⁵,,,
6132,lashi,1509,kja̱ŋ³³,k j a̰ ŋ ³³,,,
6133,lashi,843,laʔ³¹kaŋ³³,l a ʔ ³¹ + k a ŋ ³³,,,
6134,lashi,2350,vuʔ³¹ti³¹,v u ʔ ³¹ + t i ³¹,,,
6135,achanglongchuan,2376,xaŋ³¹,x a ŋ ³¹,,,
6136,atsi,1093,kuŋ²¹kuŋ⁵¹,k u ŋ ²¹ + k u ŋ ⁵¹,,,
6137,atsi,1019,loʔ²¹jo⁵¹,l o ʔ ²¹ + j o ⁵¹,,,
6138,atsi,2194,xi⁵⁵,x i ⁵⁵,,,
6140,lashi,1420,ŋaːu³¹,ŋ aː u ³¹,,,
6141,xiandao,152,chi⁵⁵,cʰ i ⁵⁵,,,
6142,achanglongchuan,706,ɕin⁵⁵,ɕ i n ⁵⁵,,,
6143,xiandao,1733,l̥ɿ⁵⁵ɲ̊ɔʔ⁵⁵l̥aŋ³¹kam⁵⁵,l̥ ɿ ⁵⁵ + ɲ̊ ɔ ʔ ⁵⁵ + l̥ a ŋ ³¹ + k a m ⁵⁵,,,
6144,achanglongchuan,672,nɔʔ⁵⁵,n ɔ ʔ ⁵⁵,,,
6145,achanglongchuan,477,l̥ɔ³¹,l̥ ɔ ³¹,,,
2050,atsi,1634,ʃo⁵¹,ʃ o ⁵¹,,,
6147,xiandao,1331,paʔ³¹,p a ʔ ³¹,,,
6148,achanglongchuan,1150,mau³¹ʐau³¹,m a u ³¹ + ʐ a u ³¹,,,
6151,achanglongchuan,1733,xɔŋ⁵¹ȵin³¹nam³¹,x ɔ ŋ ⁵¹ + nʲ i n ³¹ + n a m ³¹,,,
6152,achanglongchuan,609,l̥i³¹ʐo⁵⁵,l̥ i ³¹ + ʐ o ⁵⁵,,,
6153,achanglongchuan,2034,ŋ̊an⁵⁵,ŋ̊ a n ⁵⁵,,,
6154,xiandao,487,ɲɔʔ⁵⁵sɔʔ⁵⁵,ɲ ɔ ʔ ⁵⁵ + s ɔ ʔ ⁵⁵,,,
6155,bola,1150,mau³¹mjaŋ⁵⁵,m a u ³¹ + m j a ŋ ⁵⁵,,,
6156,achanglongchuan,1884,kʐak⁵⁵,k ʐ a k ⁵⁵,,,
6157,atsi,1283,kʰĕ⁵⁵ŋji⁵⁵,kʰ ĕ ⁵⁵ + ŋ j i ⁵⁵,,,
6158,atsi,1174,a²¹ŋji⁵⁵nap²¹,a ²¹ + ŋ j i ⁵⁵ + n a p ²¹,,,
6159,atsi,1329,naʔ²¹ma⁵⁵,n a ʔ ²¹ + m a ⁵⁵,,,
6160,maru,262,jɔ̃³⁵,j ɔ̃ ∼ ³⁵,,,
6161,maru,1509,kjɔ̱̃³¹,k j ɔ̰̃ ∼ ³¹,,,
6162,lashi,1077,su̱ŋ³³so̱³³,s ṵ ŋ ³³ + s o̰ ³³,,,
7161,oldburmese,1198,myāḥ,m j a ⁵⁵,,,
6164,atsi,1339,nap²¹kjo̱⁵⁵,n a p ²¹ + k j o̰ ⁵⁵,,,
6165,atsi,12,ŋji⁵⁵kuŋ⁵¹tu̱²¹,ŋ j i ⁵⁵ + k u ŋ ⁵¹ + t ṵ ²¹,,,
6166,maru,843,pʰjɔ̆³¹kɔ̃³⁵,pʰ j ɔ̆ ³¹ + k ɔ̃ ∼ ³⁵,,,
2071,xiandao,1435,ʂɔ³¹pɤk⁵⁵,ʂ ɔ ³¹ + p ɤ k ⁵⁵,,,
6169,lashi,1733,sə̱ŋ⁵⁵jaŋ³³jɔ³¹kan³³,s ə̰ ŋ ⁵⁵ + j a ŋ ³³ + j ɔ ³¹ + k a n ³³,,,
2075,achanglongchuan,1200,ȵi³¹ŋau⁵⁵,nʲ i ³¹ + ŋ a u ⁵⁵,,,
6172,achanglongchuan,1286,pu⁵⁵,p u ⁵⁵,,,
2077,atsi,1200,laŋ⁵¹,l a ŋ ⁵¹,,,
6174,xiandao,321,mam³¹,m a m ³¹,,,
6175,xiandao,2139,kʐoʔ⁵⁵,k ʐ o ʔ ⁵⁵,,,
2081,lashi,1200,laŋ³¹,l a ŋ ³¹,,,
6178,xiandao,522,pum⁵⁵fui³¹,p u m ⁵⁵ + f u i ³¹,,,
6179,bola,1357,ta³¹,t a ³¹,,,
6180,achanglongchuan,1091,xɔ³¹,x ɔ ³¹,looks like bitter to me,,
6181,atsi,1486,xo²¹,x o ²¹,,,
6182,maru,10,tʰɔ̃³⁵,tʰ ɔ̃ ∼ ³⁵,,,
6183,xiandao,1854,ŋɔʔ⁵⁵,ŋ ɔ ʔ ⁵⁵,,,
6185,achanglongchuan,2139,kʐoʔ⁵⁵,k ʐ o ʔ ⁵⁵,,,
6187,rangoon,1209,ŋɑ²²,ŋ ɑ ²²,,,
2092,atsi,617,ŋa̱n⁵¹thuŋ²¹,ŋ a̰ n ⁵¹ + tʰ u ŋ ²¹,,,
6189,achanglongchuan,478,ȵ̥ot⁵⁵tuŋ⁵⁵,n̥ʲ o t ⁵⁵ + t u ŋ ⁵⁵,,,
6190,xiandao,232,fu³¹lai³¹,f u ³¹ + l a i ³¹,,,
6191,xiandao,267,ʂan³¹u³¹,ʂ a n ³¹ + u ³¹,,,
6192,achanglongchuan,1482,xuŋ³¹pau³¹,x u ŋ ³¹ + p a u ³¹,,,
6193,achanglongchuan,1886,kă³¹liŋ³⁵ʈʂʰuaʔ⁵⁵,k ă ³¹ + l i ŋ ³⁵ + ʈʂʰ u a ʔ ⁵⁵,,,
6194,xiandao,843,koŋ³¹kau⁵⁵,k o ŋ ³¹ + k a u ⁵⁵,,,
6195,maru,2376,pji̱³¹,p j ḭ ³¹,,,
6196,xiandao,2350,ta⁵⁵,t a ⁵⁵,,,
6197,xiandao,1420,ŋau⁵⁵,ŋ a u ⁵⁵,,,
6198,achanglongchuan,800,ʨʰi⁵⁵san⁵⁵,tɕʰ i ⁵⁵ + s a n ⁵⁵,,,
6199,bola,152,kʰji⁵⁵saŋ³⁵,kʰ j i ⁵⁵ + s a ŋ ³⁵,,,
6201,maru,706,nɔʔ³¹,n ɔ ʔ ³¹,,,
6202,maru,672,nɔʔ⁵⁵,n ɔ ʔ ⁵⁵,,,
6203,maru,477,kjam³¹,k j a m ³¹,,,
6205,bola,1502,jɔ̃⁵⁵,j ɔ̃ ∼ ⁵⁵,"Borrowing from Chinese, @lingulist",,
6206,lashi,267,ʃɛ̱n⁵⁵u⁵³,ʃ ɛ̰ n ⁵⁵ + u ⁵³,,,
6207,maru,1150,muk⁵⁵kum³¹,m u k ⁵⁵ + k u m ³¹,,,
6208,achanglongchuan,763,a³¹ʐɿ⁵⁵,a ³¹ + ʐ ɿ ⁵⁵,,,
6209,maru,1733,ɣɔʔ³¹kaŋ³⁵saŋ³¹ŋjɔ̃³¹,ɣ ɔ ʔ ³¹ + k a ŋ ³⁵ + s a ŋ ³¹ + ŋ j ɔ̃ ∼ ³¹,,,
6210,maru,1884,ɣɔ̃³¹,ɣ ɔ̃ ∼ ³¹,,,
6211,maru,2034,ŋa̱ŋ³¹,ŋ a̰ ŋ ³¹,,,
6212,maru,1977,ŋa̱ŋ³¹,ŋ a̰ ŋ ³¹,,,
6213,rangoon,262,tθu²²,tθ u ²²,,,
6214,atsi,477,tʰaŋ⁵¹kjo⁵⁵,tʰ a ŋ ⁵¹ + k j o ⁵⁵,,,
6215,maru,762,və̆³¹kauŋ³⁵,v ə̆ ³¹ + k a u ŋ ³⁵,,,
6216,bola,846,la³¹,l a ³¹,,,
6217,achanglongchuan,688,a³¹ʨʰot⁵³,a ³¹ + tɕʰ o t ⁵³,,,
6219,maru,1207,ŋai³¹,ŋ a i ³¹,,,
6220,maru,1286,lauŋ³¹,l a u ŋ ³¹,,,
6222,rangoon,1395,wɑ̃i⁵⁵,w ɑ̃ i ∼ ⁵⁵,,,
6223,lashi,10,tʰaŋ⁵⁵,tʰ a ŋ ⁵⁵,,,
6224,rangoon,1331,tθo⁵⁵,tθ o ⁵⁵,,,
6225,maru,640,mjik³¹ʦa̱i³⁵,m j i k ³¹ + ts a̰ i ³⁵,,,
6226,bola,2139,ɣɔʔ³¹naʔ³¹,ɣ ɔ ʔ ³¹ + n a ʔ ³¹,,,
6227,rangoon,1150,mo⁵⁵ʨʰẽ⁵⁵,m o ⁵⁵ + tɕʰ ẽ ∼ ⁵⁵,,,
6228,xiandao,1286,pu⁵⁵,p u ⁵⁵,,,
6229,rangoon,1733,tθɛʔ⁴tɑ̃⁵³,tθ ɛ ʔ ⁴ + t ɑ̃ ∼ ⁵³,,,
6231,rangoon,609,mo⁵⁵tθi⁵⁵,m o ⁵⁵ + tθ i ⁵⁵,,,
6232,maru,1091,kʰɔ³⁵,kʰ ɔ ³⁵,looks like bitter to me,,
6233,rangoon,1977,n̥ɪ̃⁵⁵,n̥ ɪ̃ ∼ ⁵⁵,,,
6235,bola,1854,tʃə̆ʔ³¹kʰjɔ̃³⁵,tʃ ə̆ ʔ ³¹ + kʰ j ɔ̃ ∼ ³⁵,,,
6236,maru,1422,tɔi³¹kau³⁵,t ɔ i ³¹ + k a u ³⁵,,,
6237,rangoon,706,m̥ɑ̃u²²,m̥ ɑ̃ u ∼ ²²,,,
6238,achanglongchuan,522,pum⁵⁵xui³¹,p u m ⁵⁵ + x u i ³¹,,,
6239,rangoon,672,sɔ⁵⁵,s ɔ ⁵⁵,,,
6240,rangoon,477,nɑuʔ⁴ʨɑ⁵³,n ɑ u ʔ ⁴ + tɕ ɑ ⁵³,,,
5136,maru,962,mji³⁵ɤɛ³⁵,m j i ³⁵ + ɤ ɛ ³⁵,,,
6243,bola,232,kʰə̆³¹lu̱i³⁵,kʰ ə̆ ³¹ + l ṵ i ³⁵,,,
6244,atsi,640,kə̱⁵⁵na̱²¹,k ə̰ ⁵⁵ + n a̰ ²¹,,,
6245,bola,267,ʃɔn³⁵u̱³⁵,ʃ ɔ n ³⁵ + ṵ ³⁵,,,
6246,rangoon,640,ɕũ⁵³,ɕ ũ ∼ ⁵³,,,
6247,bola,1509,kjɔ̱̃⁵⁵,k j ɔ̰̃ ∼ ⁵⁵,,,
6248,bola,843,pʰi³¹kɔ̃³¹,pʰ i ³¹ + k ɔ̃ ∼ ³¹,,,
6249,bola,2350,vaʔ³¹tai⁵⁵,v a ʔ ³¹ + t a i ⁵⁵,,,
6250,maru,1482,lɔʔ³¹saŋ³¹,l ɔ ʔ ³¹ + s a ŋ ³¹,,,
6251,bola,522,mjaŋ⁵⁵kʰui³⁵,m j a ŋ ⁵⁵ + kʰ u i ³⁵,,,
6252,lashi,1295,ka̱n⁵⁵taŋ³³,k a̰ n ⁵⁵ + t a ŋ ³³,,,
6253,maru,800,tɔ̃⁵⁵puk⁵⁵,t ɔ̃ ∼ ⁵⁵ + p u k ⁵⁵,,,
6254,maru,1301,kʰjik³¹,kʰ j i k ³¹,,,
6256,achanglongchuan,1357,ʦaŋ³¹ʑi³¹,ts a ŋ ³¹ + ʑ i ³¹,,,
6257,maru,1357,ʦo,ts o,,,
6258,atsi,762,ʃiŋ²¹ka̱n²¹,ʃ i ŋ ²¹ + k a̰ n ²¹,,,
6259,atsi,1209,ŋo⁵¹,ŋ o ⁵¹,,,
6260,rangoon,1207,nu⁵³,n u ⁵³,,,
6261,rangoon,1207,pjo²²,p j o ²²,,,
6262,atsi,1884,tʰan⁵¹,tʰ a n ⁵¹,,,
6263,maru,763,ʃɔ̆³⁵jam⁵⁵,ʃ ɔ̆ ³⁵ + j a m ⁵⁵,,,
6264,atsi,262,ja̱ŋ²¹,j a̰ ŋ ²¹,,,
6266,rangoon,478,n̥oʔ⁴kʰɑ̃⁵⁵,n̥ o ʔ ⁴ + kʰ ɑ̃ ∼ ⁵⁵,,,
6268,achanglongchuan,1977,ʦhe³¹,tsʰ e ³¹,,,
6269,rangoon,1482,pɑ⁵³kʰõ⁵⁵,p ɑ ⁵³ + kʰ õ ∼ ⁵⁵,,,
6270,rangoon,1886,ʨʰɑ̃i⁵⁵,tɕʰ ɑ̃ i ∼ ⁵⁵,,,
6271,lashi,341,ʃə̱m³³ŋu̱i⁵⁵,ʃ ə̰ m ³³ + ŋ ṵ i ⁵⁵,,,
6272,lashi,1486,ʃɔː⁵⁵,ʃ ɔː ⁵⁵,,,
6273,rangoon,1091,ŋɑ̃²²,ŋ ɑ̃ ∼ ²²,,,
6274,bola,1077,mɛ³¹ja⁵¹,m ɛ ³¹ + j a ⁵¹,,,
6275,bola,932,mɛ³¹ja⁵¹,m ɛ ³¹ + j a ⁵¹,,,
6276,rangoon,800,pɑ̃u²²,p ɑ̃ u ∼ ²²,,,
6277,maru,688,ʦa̱t⁵⁵,ts a̰ t ⁵⁵,,,
6278,rangoon,1301,ʨʰe²²tʰɑuʔ⁴,tɕʰ e ²² + tʰ ɑ u ʔ ⁴,,,
6279,rangoon,1422,ɑ⁵³ɕĩ²²,ɑ ⁵³ + ɕ ĩ ∼ ²²,,,
2184,achanglongchuan,1417,sat⁵⁵,s a t ⁵⁵,bad concept,,
6281,xiandao,10,tʰɔŋ³¹,tʰ ɔ ŋ ³¹,,,
6282,achanglongchuan,152,ʨʰi⁵⁵xo⁵⁵,tɕʰ i ⁵⁵ + x o ⁵⁵,,,
2187,atsi,1417,sat²¹,s a t ²¹,bad concept,,
6285,rangoon,763,ɑ⁵³tθɑ⁵⁵ɑ⁵³je²²,ɑ ⁵³ + tθ ɑ ⁵⁵ + ɑ ⁵³ + j e ²²,,,
6286,atsi,932,mə⁵⁵ja²¹sat⁵⁵,m ə ⁵⁵ + j a ²¹ + s a t ⁵⁵,,,
6287,achanglongchuan,1331,paʔ⁵⁵,p a ʔ ⁵⁵,,,
6288,achanglongchuan,1502,paʔ⁵⁵,p a ʔ ⁵⁵,,,
2194,xiandao,1417,sat⁵⁵phut⁵⁵,s a t ⁵⁵ + pʰ u t ⁵⁵,bad concept,,
6291,atsi,1395,liŋ⁵⁵,l i ŋ ⁵⁵,,,
6292,atsi,1150,mau²¹mjiŋ⁵¹,m a u ²¹ + m j i ŋ ⁵¹,,,
6293,lashi,640,tʰɔm⁵⁵pɔp³¹,tʰ ɔ m ⁵⁵ + p ɔ p ³¹,,,
6294,atsi,1733,voʔ²¹kan²¹ʃiŋ⁵⁵jaŋ²¹,v o ʔ ²¹ + k a n ²¹ + ʃ i ŋ ⁵⁵ + j a ŋ ²¹,,,
6295,rangoon,688,a⁵³shoʔ⁴,a ⁵³ + sʰ o ʔ ⁴,,,
2200,atsi,1371,khji⁵¹phut⁵⁵,kʰ j i ⁵¹ + pʰ u t ⁵⁵,,,
6297,atsi,2034,ŋa̱n⁵¹pʰju⁵¹,ŋ a̰ n ⁵¹ + pʰ j u ⁵¹,,,
6298,atsi,1977,ŋa̱n⁵¹,ŋ a̰ n ⁵¹,,,
4463,xiandao,1415,tak⁵⁵,t a k ⁵⁵,,,
6300,bola,1420,ŋau⁵⁵,ŋ a u ⁵⁵,,,
2205,lashi,1371,pɔ̱t⁵³luʔ³¹,p ɔ̰ t ⁵³ + l u ʔ ³¹,,,
6302,bola,2376,pi̱⁵⁵,p ḭ ⁵⁵,,,
2207,maru,1371,pa̱t⁵⁵lauk³¹,p a̰ t ⁵⁵ + l a u k ³¹,,,
6304,atsi,706,noʔ²¹,n o ʔ ²¹,,,
2209,xiandao,1371,phɔʔ³¹tʂhɯk⁵⁵,pʰ ɔ ʔ ³¹ + ʈʂʰ ɯ k ⁵⁵,,,
6307,atsi,672,noʔ²¹,n o ʔ ²¹,,,
6308,xiandao,1295,tam⁵⁵,t a m ⁵⁵,,,
6314,lashi,1093,a³¹kuŋ³¹,a ³¹ + k u ŋ ³¹,,,
6315,lashi,1093,a³¹kjo³³,a ³¹ + k j o ³³,,,
6316,achanglongchuan,487,ȵɔʔ³¹sɔʔ⁵⁵,nʲ ɔ ʔ ³¹ + s ɔ ʔ ⁵⁵,,,
6317,maru,1339,nɛʔ³¹sum³¹,n ɛ ʔ ³¹ + s u m ³¹,,,
6318,lashi,1019,lɔʔ³¹jo³¹,l ɔ ʔ ³¹ + j o ³¹,,,
3101,atsi,1455,ʃe⁵¹,ʃ e ⁵¹,,,
6320,maru,1357,mji³⁵ɣɛ³⁵ʦɔ³⁵,m j i ³⁵ + ɣ ɛ ³⁵ + ts ɔ ³⁵,,,
4984,achanglongchuan,1237,xoi⁵⁵thɔʔ⁵⁵,x o i ⁵⁵ + tʰ ɔ ʔ ⁵⁵,,,
6322,lashi,1606,a³³kʰou³³,a ³³ + kʰ o u ³³,,,
6323,bola,2034,ŋɛ̱̃⁵⁵,ŋ ɛ̰̃ ∼ ⁵⁵,,,
6324,atsi,1741,tʰoʔ⁵⁵mai²¹,tʰ o ʔ ⁵⁵ + m a i ²¹,,,
6325,achanglongchuan,1854,ʦi⁵⁵ʈʂuak⁵⁵,ts i ⁵⁵ + ʈʂ u a k ⁵⁵,,,
6326,atsi,1485,o̱⁵¹mai²¹,o̰ ⁵¹ + m a i ²¹,,,
6327,xiandao,1486,sɔ³¹,s ɔ ³¹,,,
2232,atsi,624,noŋ⁵⁵,n o ŋ ⁵⁵,,,
6516,bola,1174,a³¹ŋji³⁵nɛʔ³¹,a ³¹ + ŋ j i ³⁵ + n ɛ ʔ ³¹,,,
2234,bola,624,nɔ̱ŋ⁵⁵,n ɔ̰ ŋ ⁵⁵,,,
3103,lashi,1455,ʃɛ̱³³,ʃ ɛ̰ ³³,,,
6332,xiandao,341,ʐɯt⁵⁵mɔ³¹,ʐ ɯ t ⁵⁵ + m ɔ ³¹,,,
6333,lashi,1283,kʰə̆⁵⁵ŋjei⁵⁵,kʰ ə̆ ⁵⁵ + ŋ j e i ⁵⁵,,,
2393,achanglongchuan,1052,ʑaŋ⁵⁵,ʑ a ŋ ⁵⁵,,,
6335,achanglongchuan,267,ʂan³¹uʔ³¹,ʂ a n ³¹ + u ʔ ³¹,,,
6336,atsi,1207,a²¹sak²¹ti̱ʔ⁵⁵,a ²¹ + s a k ²¹ + t ḭ ʔ ⁵⁵,means 'small in age',,
6337,lashi,1329,nap³¹jɔ³¹ŋjei⁵⁵,n a p ³¹ + j ɔ ³¹ + ŋ j e i ⁵⁵,,,
6338,achanglongchuan,1509,pʰɔp⁵⁵,pʰ ɔ p ⁵⁵,,,
2197,achanglongchuan,1371,tɕhi⁵⁵ȵɔʔ⁵⁵,tɕʰ i ⁵⁵ + nʲ ɔ ʔ ⁵⁵,,,
6340,achanglongchuan,232,l̥i³¹,l̥ i ³¹,,,
6341,atsi,478,nu̱t⁵⁵ku̱ʔ⁵⁵,n ṵ t ⁵⁵ + k ṵ ʔ ⁵⁵,,,
6342,lashi,12,ŋjei⁵⁵kuŋ³¹,ŋ j e i ⁵⁵ + k u ŋ ³¹,,,
6343,lashi,1174,a³¹ŋjei⁵⁵nap³¹,a ³¹ + ŋ j e i ⁵⁵ + n a p ³¹,,,
6344,atsi,1482,koʔ²¹san⁵¹,k o ʔ ²¹ + s a n ⁵¹,,,
6345,atsi,1886,kă²¹tʃo̱k⁵⁵kʰoŋ²¹,k ă ²¹ + tʃ o̰ k ⁵⁵ + kʰ o ŋ ²¹,,,
6346,bola,10,tʰɔ̃³⁵,tʰ ɔ̃ ∼ ³⁵,,,
2423,atsi,1224,siŋ²¹,s i ŋ ²¹,,,
6348,maru,1209,ŋɔ³¹,ŋ ɔ ³¹,,,
6350,atsi,800,ta̱ŋ²¹pau⁵⁵,t a̰ ŋ ²¹ + p a u ⁵⁵,,,
6351,maru,1331,tʃhat⁵⁵pɛ̱ʔ⁵⁵,tʃʰ a t ⁵⁵ + p ɛ̰ ʔ ⁵⁵,,,
6352,maru,1502,tʃhat⁵⁵pɛ̱ʔ⁵⁵,tʃʰ a t ⁵⁵ + p ɛ̰ ʔ ⁵⁵,,,
6353,atsi,1422,tui⁵¹e⁵⁵,t u i ⁵¹ e ⁵⁵,,,
2258,lashi,1355,jiː³¹,j iː ³¹,,,
2261,maru,1355,ɣə³¹,ɣ ə ³¹,,,
6361,rangoon,1019,ȵɑ²²,nʲ ɑ ²²,,,
6362,atsi,1286,ŋje⁵⁵,ŋ j e ⁵⁵,,,
6363,atsi,763,ʃŏ²¹ku̱ʔ⁵⁵,ʃ ŏ ²¹ + k ṵ ʔ ⁵⁵,,,
2268,atsi,2250,a²¹xaʔ⁵⁵,a ²¹ + x a ʔ ⁵⁵,,,
2426,bola,1224,saŋ³⁵,s a ŋ ³⁵,,,
6367,maru,478,na̱t⁵⁵ka̱uk⁵⁵,n a̰ t ⁵⁵ + k a̰ u k ⁵⁵,,,
2272,lashi,2250,a³¹fu̱ʔ⁵⁵,a ³¹ + f ṵ ʔ ⁵⁵,,,
2273,maru,2250,phɔʔ⁵⁵,pʰ ɔ ʔ ⁵⁵,,,
6371,maru,846,lɔ³⁵,l ɔ ³⁵,,,
6372,rangoon,152,kʰwɑ²²,kʰ w ɑ ²²,,,
6375,rangoon,1884,mɑ²²,m ɑ ²²,,,
6376,atsi,688,ʦu̱t⁵⁵,ts ṵ t ⁵⁵,,,
6377,achanglongchuan,1420,ŋau⁵⁵,ŋ a u ⁵⁵,,,
6379,rangoon,1502,sheʔ⁴,sʰ e ʔ ⁴,,,
6380,bola,1295,və̆⁵⁵sɛ³¹,v ə̆ ⁵⁵ + s ɛ ³¹,,,
6381,bola,1606,a³¹kʰau⁵⁵,a ³¹ + kʰ a u ⁵⁵,,,
6382,maru,522,mjaŋ³¹◦kʰa³⁵,m j a ŋ ³¹ + kʰ a ³⁵,,,
5668,rangoon,1394,ɑ⁵³jo⁵⁵,ɑ ⁵³ + j o ⁵⁵,,,
6386,xiandao,1093,a³¹koŋ⁵⁵,a ³¹ + k o ŋ ⁵⁵,,,
6387,xiandao,1019,lɔʔ⁵⁵jɔ⁵⁵,l ɔ ʔ ⁵⁵ + j ɔ ⁵⁵,,,
6388,xiandao,2194,ɲɔʔ⁵⁵sai³⁵,ɲ ɔ ʔ ⁵⁵ + s a i ³⁵,,,
6389,lashi,152,kʰjei³³səŋ⁵⁵,kʰ j e i ³³ + s ə ŋ ⁵⁵,,,
6390,xiandao,762,a³¹noʔ⁵⁵,a ³¹ + n o ʔ ⁵⁵,,,
6391,xiandao,1606,a³¹xau⁵⁵,a ³¹ + x a u ⁵⁵,,,
6392,atsi,609,lik²¹vo⁵¹,l i k ²¹ + v o ⁵¹,,,
6394,maru,1886,lɔʔ³¹tʃhɛʔ⁵⁵,l ɔ ʔ ³¹ + tʃʰ ɛ ʔ ⁵⁵,,,
2299,achanglongchuan,244,lɔʔ³¹nam³¹pa³¹,l ɔ ʔ ³¹ + n a m ³¹ + p a ³¹,,,
6396,maru,321,vɔ³⁵,v ɔ ³⁵,,,
2301,atsi,244,loʔ³¹pa̱i²¹,l o ʔ ²¹ + p a̰ i ²¹,,,
2303,bola,244,laʔ³¹ka̱uŋ³⁵,l a ʔ ³¹ + k a̰ u ŋ ³⁵,,,
6400,atsi,1295,nĕ²¹se²¹,n ĕ ²¹ + s e ²¹,,,
6401,maru,267,ʃiŋ³⁵a̱u⁵⁵,ʃ i ŋ ³⁵ + a̰ u ⁵⁵,,,
6402,xiandao,846,lɔ̆³¹mɔ³¹mut³⁵,l ɔ̆ ³¹ + m ɔ ³¹ + m u t ³⁵,,,
2307,lashi,244,lɔʔ³¹pe̱i⁵⁵,l ɔ ʔ ³¹ + p ḛ i ⁵⁵,,,
2308,maru,244,lɔʔ³¹ka̱uŋ³⁵,l ɔ ʔ ³¹ + k a̰ u ŋ ³⁵,,,
6405,maru,152,kʰjuk⁵⁵saŋ³⁵,kʰ j u k ⁵⁵ + s a ŋ ³⁵,,,
2310,xiandao,244,lɔʔ⁵⁵xa⁵⁵,l ɔ ʔ ⁵⁵ + x a ⁵⁵,,,
6407,rangoon,2139,ʨwɛʔ⁴,tɕ w ɛ ʔ ⁴,,,
6408,rangoon,522,wũ²²pu⁵³lwe²²,w ũ ∼ ²² + p u ⁵³ + l w e ²²,,,
6409,rangoon,1312,mje²²kʰwe⁵⁵,m j e ²² + kʰ w e ⁵⁵,,,
6410,xiandao,1339,nap⁵⁵mɔ⁵¹,n a p ⁵⁵ + m ɔ ⁵¹,,,
6411,xiandao,12,cɔ⁵⁵cɔ³¹jɔʔ³⁵,c ɔ ⁵⁵ + c ɔ ³¹ + j ɔ ʔ ³⁵,,,
6412,atsi,1091,i²¹tʃum²¹kʰo²¹,i ²¹ + tʃ u m ²¹ + kʰ o ²¹,,,
6413,rangoon,1854,sɑ²²,s ɑ ²²,,,
6414,rangoon,1741,ɑ⁵³tʰɛʔ,ɑ ⁵³ + tʰ ɛ ʔ,,,
6415,atsi,1357,mji²¹ve²¹ʦo²¹,m j i ²¹ + v e ²¹ + ts o ²¹,,,
6416,rangoon,232,ɬe⁵⁵,ɬ e ⁵⁵,,,
6417,rangoon,267,tθɑ̃⁵⁵u⁵³,tθ ɑ̃ ∼ ⁵⁵ + u ⁵³,,,
6418,maru,1420,ŋuk³¹,ŋ u k ³¹,,,
6419,rangoon,843,pĩ⁵³ku²²,p ĩ ∼ ⁵³ + k u ²²,,,
6420,achanglongchuan,1301,ʨʰi⁵⁵,tɕʰ i ⁵⁵,,,
6421,rangoon,2350,ti²²,t i ²²,,,
6424,achanglongchuan,640,ȵ̥on⁵⁵pen³¹,n̥ʲ o n ⁵⁵ + p e n ³¹,,,
2436,xiandao,1224,a³¹ʂɯŋ³¹,a ³¹ + ʂ ɯ ŋ ³¹,,,
6427,bola,1093,a³¹kauŋ³¹,a ³¹ + k a u ŋ ³¹,,,
6428,achanglongchuan,10,tʰuaŋ³¹,tʰ u a ŋ ³¹,,,
6429,atsi,1301,kʰji⁵¹,kʰ j i ⁵¹,,,
6430,bola,706,naʔ³¹,n a ʔ ³¹,,,
6431,xiandao,1174,n³¹m̥an³⁵,n ³¹ + m̥ a n ³⁵,,,
6432,lashi,1209,ŋo³¹,ŋ o ³¹,,,
6433,atsi,152,kʰji⁵¹siŋ²¹,kʰ j i ⁵¹ + s i ŋ ²¹,,,
6436,lashi,1482,lɔʔ³¹sa̱n³³,l ɔ ʔ ³¹ + s a̰ n ³³,,,
6437,lashi,262,ŋjaŋ³³,ŋ j a ŋ ³³,,,
6438,bola,1019,laʔ³¹ja⁵⁵,l a ʔ ³¹ + j a ⁵⁵,,,
6439,bola,2194,xəi³⁵,x ə i ³⁵,,,
2345,bola,319,jaʔ³¹,j a ʔ ³¹,,,
6442,atsi,1331,sau²¹mji̱⁵⁵,s a u ²¹ + m j ḭ ⁵⁵,,,
6443,atsi,1502,pai²¹nam⁵⁵,p a i ²¹ + n a m ⁵⁵,,,
6444,lashi,1886,lɔʔ³¹tʃnap⁵⁵,l ɔ ʔ ³¹ + tʃʰ a p ⁵⁵,,,
6445,rangoon,1077,ʥõ²²,dʑ õ ∼ ²²,,,
6446,rangoon,932,bɑ²²li²²,b ɑ ²² + l i ²²,a loan from English?,,
2352,maru,319,jɔʔ³¹,j ɔ ʔ ³¹,,,
6450,bola,1741,a³¹tʰaʔ⁵⁵,a ³¹ + tʰ a ʔ ⁵⁵,,,
6451,bola,1485,a³¹a⁵⁵,a ³¹ + a ⁵⁵,,,
2357,achanglongchuan,215,ŋ̊a⁵⁵,ŋ̊ a ⁵⁵,,,
2358,atsi,215,leʔ²¹,l e ʔ ²¹,,,
2359,bola,215,laŋ³⁵,l a ŋ ³⁵,,,
2360,lashi,215,ləːŋ³¹,l əː ŋ ³¹,,,
2361,maru,215,laŋ³⁵,l a ŋ ³⁵,,,
2362,xiandao,215,ɲɛŋ⁵⁵,ɲ ɛ ŋ ⁵⁵,,,
6459,bola,1339,nɛʔ³¹kɔ̃⁵⁵,n ɛ ʔ ³¹ + k ɔ̃ ∼ ⁵⁵,,,
6460,bola,12,ŋji³⁵kauŋ³¹tu̱⁵⁵,ŋ j i ³⁵ + k a u ŋ ³¹ + t ṵ ⁵⁵,,,
6461,atsi,2139,ŋĕ²¹noʔ²¹,ŋ ĕ ²¹ + n o ʔ ²¹,,,
6463,atsi,522,vam⁵¹kʰui²¹mo⁵⁵,v a m ⁵¹ + kʰ u i ²¹ + m o ⁵⁵,,,
6464,lashi,1395,ləːŋ⁵⁵,l əː ŋ ⁵⁵,,,
6465,rangoon,321,wɑ⁵⁵,w ɑ ⁵⁵,,,
6466,achanglongchuan,321,mam³¹,m a m ³¹,,,
6467,lashi,2376,pji̱ː³³,p j ḭː ³³,,,
6468,atsi,1854,tʃo⁵¹kʰjaŋ⁵⁵,tʃ o ⁵¹ + kʰ j a ŋ ⁵⁵,,,
6469,atsi,1606,a²¹kʰau⁵¹,a ²¹ + kʰ a u ⁵¹,,,
6470,achanglongchuan,341,ʐit⁵⁵mɔʔ³¹,ʐ i t ⁵⁵ + m ɔ ʔ ³¹,,,
6472,lashi,1301,kʰjei³³,kʰ j e i ³³,,,
6540,lashi,763,ʃŏ⁵⁵ku̱k⁵⁵,ʃ ŏ ⁵⁵ + k ṵ k ⁵⁵,,,
6474,lashi,672,nɔːʔ⁵⁵,n ɔː ʔ ⁵⁵,,,
6475,lashi,477,nɛː⁵⁵,n ɛː ⁵⁵,,,
6476,xiandao,1329,n̥a³¹ʐɔ⁵⁵,n̥ a ³¹ + ʐ ɔ ⁵⁵,,,
6478,atsi,232,kʰĕ⁵⁵la̱i²¹,kʰ ĕ ⁵⁵ + l a̰ i ²¹,,,
6479,atsi,267,ʃin²¹u⁵⁵,ʃ i n ²¹ + u ⁵⁵,,,
6481,lashi,1150,mou³³kɔm³³,m o u ³³ + k ɔ m ³³,,,
6482,atsi,1509,kja̱ŋ⁵¹,k j a̰ ŋ ⁵¹,,,
6483,lashi,1884,kju̱ːŋ³³,k j ṵː ŋ ³³,,,
6484,atsi,843,lă²¹kaŋ²¹,l ă ²¹ + k a ŋ ²¹,,,
6485,lashi,609,lək³¹,l ə k ³¹,,,
6486,lashi,2034,ŋa̱n³³pʰiu³³,ŋ a̰ n ³³ + pʰ i u ³³,,,
6487,lashi,1977,ŋa̱n³³tʃu⁵⁵,ŋ a̰ n ³³ + tʃ u ⁵⁵,,,
6489,xiandao,1209,ŋɔ⁵⁵,ŋ ɔ ⁵⁵,,,
2394,atsi,1052,som²¹,s o m ²¹,,,
2395,bola,1052,sø̃³⁵,s ø̃ ∼ ³⁵,,,
2396,lashi,1052,suːm⁵⁵,s uː m ⁵⁵,,,
2397,maru,1052,sum³⁵,s u m ³⁵,,,
2398,xiandao,1052,jaŋ⁵⁵,j a ŋ ⁵⁵,,,
6495,atsi,487,xoʔ⁵⁵,x o ʔ ⁵⁵,,,
6496,rangoon,1420,ŋo²²,ŋ o ²²,,,
6498,rangoon,12,ne⁵³lɛ²²◦(pɑ̃i⁵⁵),n e ⁵³ + l ɛ ²² + p ɑ̃ i ∼ ⁵⁵,,,
6499,lashi,1091,kʰɔː⁵⁵,kʰ ɔː ⁵⁵,looks like bitter to me,,
6501,rangoon,10,tʰĩ⁵⁵,tʰ ĩ ∼ ⁵⁵,,,
6502,lashi,1422,tə³¹ʦə⁵⁵,t ə ³¹ + ts ə ⁵⁵,,,
6503,lashi,2194,ʃə̱k⁵⁵,ʃ ə̰ k ⁵⁵,,,
6504,bola,321,va³¹,v a ³¹,,,
6505,maru,1295,və̆⁵⁵sɛ³⁵,v ə̆ ⁵⁵ + s ɛ ³⁵,,,
6506,maru,487,xɔʔ⁵⁵,x ɔ ʔ ⁵⁵,,,
6507,atsi,1077,mə⁵⁵ja²¹ŋjaŋ²¹,m ə ⁵⁵ + j a ²¹ + ŋ j a ŋ ²¹,,,
6508,achanglongchuan,1486,sɔ³¹,s ɔ ³¹,,,
6510,achanglongchuan,1093,a³¹kuŋ⁵⁵,a ³¹ + k u ŋ ⁵⁵,,,
6511,bola,487,xaʔ⁵⁵,x a ʔ ⁵⁵,,,
6512,achanglongchuan,1019,lɔʔ³¹ʑɔ⁵⁵pa³¹,l ɔ ʔ ³¹ + ʑ ɔ ⁵⁵ + p a ³¹,,,
6513,achanglongchuan,2194,ȵɔʔ⁵⁵siʔ³¹,nʲ ɔ ʔ ⁵⁵ + s i ʔ ³¹,,,
6514,achanglongchuan,762,a³¹nɔk⁵⁵,a ³¹ + n ɔ k ⁵⁵,,,
6515,achanglongchuan,1606,a³¹xau⁵⁵,a ³¹ + x a u ⁵⁵,,,
2420,achanglongchuan,1224,a³¹ʂəŋ³¹,a ³¹ + ʂ ə ŋ ³¹,,,
6519,lashi,478,nua̱t⁵⁵ku̱k⁵⁵,n u a̰ t ⁵⁵ + k ṵ k ⁵⁵,,,
6521,xiandao,1395,lum³¹,l u m ³¹,,,
6522,atsi,321,ne̱²¹,n ḛ ²¹,,,
6523,achanglongchuan,1741,a³¹lum³¹,a ³¹ + l u m ³¹,,,
6524,achanglongchuan,1485,a³¹tʰe⁵¹,a ³¹ + tʰ e ⁵¹,,,
6525,maru,341,ʃɛ̃³¹ŋø̱³⁵,ʃ ɛ̃ ∼ ³¹ + ŋ ø̰ ³⁵,,,
6526,xiandao,2376,a³¹faŋ³¹,a ³¹ + f a ŋ ³¹,,,
2431,lashi,1224,səŋ⁵⁵,s ə ŋ ⁵⁵,,,
6528,achanglongchuan,1283,xai⁵⁵ȵen³¹,x a i ⁵⁵ + nʲ e n ³¹,,,
6529,achanglongchuan,1174,man³⁵,m a n ³⁵,,,
2434,maru,1224,saŋ³⁵,s a ŋ ³⁵,,,
6531,rangoon,1295,toʔ⁴,t o ʔ ⁴,,,
6532,achanglongchuan,1329,pʰă⁵⁵nap⁵⁵,pʰ ă ⁵⁵ + n a p ⁵⁵,,,
6533,bola,1486,xa³⁵,x a ³⁵,,,
6534,achanglongchuan,1339,ni³¹ʐua³¹,n i ³¹ + ʐ u a ³¹,,,
6535,achanglongchuan,12,ni³¹kuŋ⁵⁵,n i ³¹ + k u ŋ ⁵⁵,,,
6536,xiandao,672,nɔʔ⁵⁵,n ɔ ʔ ⁵⁵,,,
6537,xiandao,477,kɯm⁵⁵,k ɯ m ⁵⁵,,,
6538,xiandao,1150,mau³¹cau³¹,m a u ³¹ + c a u ³¹,,,
2455,xiandao,1203,sɤŋ⁵⁵,s ɤ ŋ ⁵⁵,,,
2444,achanglongchuan,1203,səŋ⁵⁵,s ə ŋ ⁵⁵,,,
6541,bola,1283,a³¹kʰə̆³¹nɛʔ³¹,a ³¹ + kʰ ə̆ ³¹ + n ɛ ʔ ³¹,,,
6542,xiandao,609,niʔ³¹,n i ʔ ³¹,,,
2447,atsi,1203,xiŋ⁵¹,x i ŋ ⁵¹,,,
6544,xiandao,1977,ʦhɛ³¹,tsʰ ɛ ³¹,,,
2449,bola,1203,xaŋ⁵⁵,x a ŋ ⁵⁵,,,
6547,xiandao,1884,kʐak⁵⁵,k ʐ a k ⁵⁵,,,
2452,lashi,1203,ʃə̱ːŋ³³,ʃ ə̰ː ŋ ³³,,,
6549,bola,1209,ŋa⁵⁵,ŋ a ⁵⁵,,,
6550,atsi,1312,tan⁵⁵kʰui²¹,t a n ⁵⁵ + kʰ u i ²¹,,,
6551,lashi,688,ʦɔ̱t⁵⁵,ts ɔ̰ t ⁵⁵,,,
6552,bola,262,jɔ̃³¹,j ɔ̃ ∼ ³¹,,,
6553,lashi,1339,nap³¹sɔn⁵⁵,n a p ³¹ + s ɔ n ⁵⁵,,,
6556,atsi,1420,ŋau⁵¹,ŋ a u ⁵¹,,,
6557,xiandao,640,ɲ̇on⁵⁵,†ɲ̇ o n ⁵⁵,,,
6558,xiandao,1207,ʐam³¹,ʐ a m ³¹,,,
6559,rangoon,1357,tθɑ⁵³mi⁵⁵,tθ ɑ ⁵³ + m i ⁵⁵,,,
6560,maru,1486,xɔ³⁵,x ɔ ³⁵,,,
6561,bola,1395,lam³¹,l a m ³¹,,,
2468,achanglongchuan,1392,ʂan³¹,ʂ a n ³¹,,,
6565,rangoon,487,ɕɛʔ⁴,ɕ ɛ ʔ ⁴,,,
6566,maru,2139,ɣuk³¹nɔʔ³¹,ɣ u k ³¹ + n ɔ ʔ ³¹,,,
2471,atsi,1392,ʃin²¹,ʃ i n ²¹,,,
2473,bola,1392,ʃɔn³⁵,ʃ ɔ n ³⁵,,,
6570,lashi,846,lə̆³³mo⁵⁵,l ə̆ ³³ + m o ⁵⁵,,,
2475,lashi,1392,ʃɛ̱n⁵⁵,ʃ ɛ̰ n ⁵⁵,,,
2476,maru,1392,ʃiŋ³⁵,ʃ i ŋ ³⁵,,,
6573,maru,2194,xak⁵⁵,x a k ⁵⁵,,,
2478,xiandao,1392,ʂan³¹,ʂ a n ³¹,,,
6575,maru,1606,a³¹kʰuk³¹,a ³¹ + kʰ u k ³¹,,,
6576,atsi,10,tʰaŋ²¹,tʰ a ŋ ²¹,,,
6577,xiandao,478,n̥ut⁵⁵ʐɿ⁵⁵,n̥ u t ⁵⁵ + ʐ ɿ ⁵⁵,,,
6578,rangoon,1286,ɑiʔ⁴,ɑ i ʔ ⁴,,,
6580,xiandao,1482,lɔʔ³¹san⁵⁵,l ɔ ʔ ³¹ + s a n ⁵⁵,,,
6581,xiandao,1886,lɔʔ³¹san⁵⁵kʰʐoʔ⁵⁵,l ɔ ʔ ³¹ + s a n ⁵⁵ + kʰ ʐ o ʔ ⁵⁵,,,
6583,maru,1741,tʰɔʔ⁵⁵mɛ³¹,tʰ ɔ ʔ ⁵⁵ + m ɛ ³¹,,,
6584,maru,1485,ɔ³¹mɛ³¹,ɔ ³¹ + m ɛ ³¹,,,
2489,achanglongchuan,2106,i³¹tɕi⁵⁵,i ³¹ + tɕ i ⁵⁵,,,
6587,xiandao,800,lam⁵⁵pau⁵³,l a m ⁵⁵ + p a u ⁵³,,,
2492,atsi,2106,juʔ²¹ke⁵¹,j u ʔ ²¹ + k e ⁵¹,,,
6589,maru,1283,a³¹na⁵⁵nɛʔ³¹,a ³¹ + n a ⁵⁵ + n ɛ ʔ ³¹,,,
6590,maru,1174,a³¹ŋji³¹nɛʔ³¹,a ³¹ + ŋ j i ³¹ + n ɛ ʔ ³¹,,,
6591,achanglongchuan,1207,nom³⁵,n o m ³⁵,,,
6592,rangoon,2034,hnĩ⁵⁵kʰɛ⁵⁵,n̥ ĩ ∼ ⁵⁵ + kʰ ɛ ⁵⁵,,,
2497,lashi,2106,juʔ⁵⁵kɛ³¹,j u ʔ ⁵⁵ + k ɛ ³¹,,,
6594,xiandao,1502,paʔ³¹,p a ʔ ³¹,,,
6595,bola,1733,ɣaʔ³¹kɛ̃³¹saŋ⁵⁵njuŋ⁵⁵,ɣ a ʔ ³¹ + k ɛ̃ ∼ ³¹ + s a ŋ ⁵⁵ + n j u ŋ ⁵⁵,,,
2500,xiandao,2106,juʔ³¹ɕɛ⁵⁵,j u ʔ ³¹ + ɕ ɛ ⁵⁵,,,
6597,bola,609,lak³¹ɣɔ⁵⁵,l a k ³¹ + ɣ ɔ ⁵⁵,,,
6598,maru,12,na⁵⁵kauŋ³⁵,n a ⁵⁵ + k a u ŋ ³⁵,,,
6599,bola,1977,ŋɛ̱̃⁵⁵,ŋ ɛ̰̃ ∼ ⁵⁵,,,
2504,achanglongchuan,1198,ȵɔ³¹,nʲ ɔ ³¹,,,
6601,atsi,843,a⁵⁵kaŋ²¹,a ⁵⁵ + k a ŋ ²¹,,,
2507,atsi,1198,mjo²¹,m j o ²¹,,,
6604,bola,672,naʔ⁵⁵,n a ʔ ⁵⁵,,,
6605,bola,477,tʰɔ̃⁵⁵kja³⁵,tʰ ɔ̃ ∼ ⁵⁵ + k j a ³⁵,,,
6606,rangoon,2194,ɕe⁵³,ɕ e ⁵³,,,
6607,rangoon,762,ɑ⁵³pjĩ²²,ɑ ⁵³ + p j ĩ ∼ ²²,,,
2512,lashi,1198,mjɔː³³,m j ɔː ³³,,,
2513,maru,1198,mjɔ³⁵,m j ɔ ³⁵,,,
2515,xiandao,1198,ȵɔ³¹,nʲ ɔ ³¹,,,
6612,xiandao,688,a³¹chut⁵⁵,a ³¹ + cʰ u t ⁵⁵,,,
6613,bola,1884,ɣɔ̃⁵⁵,ɣ ɔ̃ ∼ ⁵⁵,,,
6615,bola,640,ʦə̆⁵⁵ŋja̱ʔ⁵⁵,ts ə̆ ⁵⁵ + ŋ j a̰ ʔ ⁵⁵,,,
6564,xiandao,1509,caŋ³¹kʰʐaŋ⁵⁵,c a ŋ ³¹ + kʰ ʐ a ŋ ⁵⁵,,,
6618,rangoon,1485,ɑuʔ⁴,ɑ u ʔ ⁴,,,
6619,maru,1854,tʃɔ̆³¹kʰjɔ̃⁵⁵,tʃ ɔ̆ ³¹ + kʰ j ɔ̃ ∼ ⁵⁵,,,
6620,rangoon,1283,jɑ⁵³ne⁵³,j ɑ ⁵³ + n e ⁵³,,,
6621,rangoon,1174,mɑ⁵³ne⁵³kɑ⁵³,m ɑ ⁵³ + n e ⁵³ + k ɑ ⁵³,,,
6622,rangoon,1329,nɛʔ⁴pʰjɑ̃²²,n ɛ ʔ ⁴ + pʰ j ɑ̃ ∼ ²²,,,
6623,lashi,1331,tʃhɔt⁵⁵pat³¹nu⁵⁵,tʃʰ ɔ t ⁵⁵ + p a t ³¹ + n u ⁵⁵,,,
6625,bola,1207,a³¹sak³¹ŋai⁵⁵,a ³¹ + s a k ³¹ + ŋ a i ⁵⁵,means 'small in age',,
6626,lashi,487,ʃɔ̱ːʔ⁵⁵,ʃ ɔ̰ː ʔ ⁵⁵,,,
6627,bola,1286,lauŋ⁵⁵,l a u ŋ ⁵⁵,,,
6628,rangoon,1339,nɑ̃²²nɛʔ⁴,n ɑ̃ ∼ ²² + n ɛ ʔ ⁴,,,
2534,achanglongchuan,634,ʂua³¹,ʂ u a ³¹,bad concept,,
2535,atsi,634,ʃo²¹,ʃ o ²¹,bad concept,,
6632,bola,1091,ŋɛ̃⁵⁵,ŋ ɛ̃ ∼ ⁵⁵,,,
2537,lashi,634,ʃo⁵⁵,ʃ o ⁵⁵,bad concept,,
2538,maru,634,ʃɔ³⁵,ʃ ɔ ³⁵,bad concept,,
2539,xiandao,634,ʂɔ³¹,ʂ ɔ ³¹,bad concept,,
6636,bola,478,nɔ̱t⁵⁵ka̱uʔ⁵⁵,n ɔ̰ t ⁵⁵ + k a̰ u ʔ ⁵⁵,,,
6638,achanglongchuan,2350,ta⁵⁵,t a ⁵⁵,,,
6639,lashi,846,lo³³,l o ³³,,,
6640,bola,1422,a³¹tui⁵⁵,a ³¹ + t u i ⁵⁵,,,
6641,bola,1886,laʔ³¹tʃhɛʔ⁵⁵,l a ʔ ³¹ + tʃʰ ɛ ʔ ⁵⁵,,,
6643,bola,800,tɔ̱̃³⁵pau³¹,t ɔ̰̃ ∼ ³⁵ + p a u ³¹,,,
6644,xiandao,1207,a³¹ʐam³¹,a ³¹ + ʐ a m ³¹,,,
6645,bola,1301,kʰji⁵³,kʰ j i ⁵³,,,
6646,atsi,2350,tʃi̱⁵⁵tʃi̱n⁵⁵,tʃ ḭ ⁵⁵ + tʃ ḭ n ⁵⁵,,,
6647,lashi,2139,kjĭ²¹nɔʔ³¹,k j ĭ ²¹ + n ɔ ʔ ³¹,,,
6648,lashi,321,nɛ̱ː⁵⁵,n ɛ̰ː ⁵⁵,,,
5204,atsi,1424,xui⁵¹,x u i ⁵¹,,,
6571,maru,1093,a³¹kauŋ³⁵,a ³¹ + k a u ŋ ³⁵,,,
6572,maru,1019,lɔʔ³¹jɔ³¹,l ɔ ʔ ³¹ + j ɔ ³¹,,,
1111,maru,1247,nə̆³¹khjɛʔ⁵⁵,n ə̆ ³¹ + kʰ j ɛ ʔ ⁵⁵,,,
1113,xiandao,1247,n̥a³¹tʂhɔ³¹,n̥ a ³¹ + ʈʂʰ ɔ ³¹,,,
2602,achanglongchuan,1313,phă³¹lɔʔ³¹,pʰ ă ³¹ + l ɔ ʔ ³¹,,,
2604,atsi,1313,lo̱⁵⁵mo⁵⁵,l o̰ ⁵⁵ + m o ⁵⁵,,,
2606,bola,1313,lɛ̱̃³⁵ma³¹,l ɛ̰̃ ∼ ³⁵ + m a ³¹,,,
2609,lashi,1313,lo̱⁵³,l o̰ ⁵³,,,
2610,maru,1313,lɔ̱⁵⁵,l ɔ̰ ⁵⁵,,,
2611,xiandao,1313,pau⁵⁵l̥ɔ³¹,p a u ⁵⁵ + l̥ ɔ ³¹,,,
2627,achanglongchuan,1216,mauʔ⁵¹,m a u ʔ ⁵¹,,,
2630,atsi,1216,a⁵⁵nu²¹,a ⁵⁵ + n u ²¹,,,
2631,bola,1216,a³¹nuŋ⁵⁵,a ³¹ + n u ŋ ⁵⁵,,,
2634,lashi,1216,a⁵⁵mji̱⁵³,a ⁵⁵ + m j ḭ ⁵³,,,
2635,maru,1216,a⁵⁵mji̱⁵⁵,a ⁵⁵ + m j ḭ ⁵⁵,,,
2637,xiandao,1216,mɛ³¹,m ɛ ³¹,,,
2641,achanglongchuan,639,pum⁵⁵,p u m ⁵⁵,,,
2644,atsi,639,pum⁵¹,p u m ⁵¹,,,
2646,bola,639,pam⁵⁵,p a m ⁵⁵,,,
6585,bola,1395,laŋ³⁵,l a ŋ ³⁵,,,
2649,lashi,639,pɔm³¹,p ɔ m ³¹,,,
2650,maru,639,pam³¹,p a m ³¹,,,
1807,bola,1408,ɣə̆³¹kja³¹,ɣ ə̆ ³¹ + k j a ³¹,,,
2652,xiandao,639,pum⁵⁵,p u m ⁵⁵,,,
7269,oldburmese,1301,khriy,kʰ r i j,,,
2662,achanglongchuan,674,ȵ̥ot⁵³,n̥ʲ o t ⁵³,,,
5135,lashi,962,mji³³ji³³,m j i ³³ + j i ³³,,,
2667,bola,674,nɔ̱t⁵⁵,n ɔ̰ t ⁵⁵,,,
2671,maru,674,na̱t⁵⁵,n a̰ t ⁵⁵,,,
2494,bola,2106,jauʔ³¹kai⁵⁵,j a u ʔ ³¹ + k a i ⁵⁵,,,
5225,lashi,1213,ŋjaŋ³³nuŋ⁵⁵,ŋ j a ŋ ³³ + n u ŋ ⁵⁵,bad concept,,
3861,lashi,778,mji³³khou⁵⁵,m j i ³³ + kʰ o u ⁵⁵,,,
2692,achanglongchuan,2128,lɔʔ⁵⁵ʂəŋ³¹,l ɔ ʔ ⁵⁵ + ʂ ə ŋ ³¹,,,
2694,atsi,2128,loʔ²¹siŋ²¹,l o ʔ ²¹ + s i ŋ ²¹,,,
6593,xiandao,706,kɯn⁵⁵,k ɯ n ⁵⁵,,,
2696,bola,2128,laʔ³¹saŋ³⁵,l a ʔ ³¹ + s a ŋ ³⁵,,,
2697,lashi,2128,lɔʔ³¹sə̱ŋ⁵⁵,l ɔ ʔ ³¹ + s ə̰ ŋ ⁵⁵,,,
2699,maru,2128,lɔʔ³¹saŋ³⁵,l ɔ ʔ ³¹ + s a ŋ ³⁵,,,
2701,xiandao,2128,lɔʔ⁵⁵ʂɯŋ³¹,l ɔ ʔ ⁵⁵ + ʂ ɯ ŋ ³¹,,,
6596,lashi,1357,mji³³ʦo³³,m j i ³³ + ts o ³³,,,
2716,achanglongchuan,1405,a³¹ȵiŋ⁵⁵,a ³¹ + nʲ i ŋ ⁵⁵,bad concept,,
2718,atsi,1405,mjiŋ⁵¹,m j i ŋ ⁵¹,bad concept,,
2719,bola,1405,maŋ⁵⁵,m a ŋ ⁵⁵,bad concept,,
2722,lashi,1405,mjiŋ³¹,m j i ŋ ³¹,bad concept,,
2723,maru,1405,maŋ³¹,m a ŋ ³¹,bad concept,,
2724,xiandao,1405,a³¹niŋ⁵⁵,a ³¹ + n i ŋ ⁵⁵,bad concept,,
3868,atsi,1234,tʃu̱t⁵⁵,tʃ ṵ t ⁵⁵,,,
5234,xiandao,1215,nɔŋ⁵⁵,n ɔ ŋ ⁵⁵,bad concept,,
6600,xiandao,763,a³¹ʐɿ⁵⁵,a ³¹ + ʐ ɿ ⁵⁵,,,
2740,xiandao,1267,ɲ̊ap⁵⁵,ɲ̊ a p ⁵⁵,bad concept,,
2741,achanglongchuan,1267,ȵ̥ap⁵⁵,n̥ʲ a p ⁵⁵,bad concept,,
2742,atsi,1267,tʃa̱p⁵⁵,tʃ a̰ p ⁵⁵,bad concept,,
2743,bola,1267,tʃɛ̱ʔ⁵⁵,tʃ ɛ̰ ʔ ⁵⁵,bad concept,,
2744,lashi,1267,tʃa̱ːp⁵⁵,tʃ a̰ː p ⁵⁵,bad concept,,
2745,maru,1267,tʃɛ̱ʔ⁵⁵,tʃ ɛ̰ ʔ ⁵⁵,bad concept,,
6603,rangoon,1093,ɑ⁵³lɛ²²,ɑ ⁵³ + l ɛ ²²,,,
3873,maru,1234,tʃa̱t⁵⁵,tʃ a̰ t ⁵⁵,,,
2509,bola,1198,mja³¹,m j a ³¹,,,
2770,lashi,1942,tʃaːŋ⁵³,tʃ aː ŋ ⁵³,bad concept,,
2773,xiandao,1942,nɛ³¹,n ɛ ³¹,bad concept,,
2774,achanglongchuan,1942,ne³¹,n e ³¹,bad concept,,
2775,atsi,1942,tʃa̱ŋ⁵⁵,tʃ a̰ ŋ ⁵⁵,bad concept,,
2777,maru,1942,tʃɔ̃³⁵,tʃ ɔ̃ ∼ ³⁵,bad concept,,
2781,achanglongchuan,1333,laŋ³¹tsəŋ³¹,l a ŋ ³¹ + ts ə ŋ ³¹,,,
6608,rangoon,1606,ɑ⁵³tʰɛ⁵⁵,ɑ ⁵³ + tʰ ɛ ⁵⁵,,,
2786,bola,1333,laŋ⁵⁵taŋ³¹,l a ŋ ⁵⁵ + t a ŋ ³¹,,,
2275,xiandao,2250,a³¹xʐoʔ⁵⁵,a ³¹ + x ʐ o ʔ ⁵⁵,,,
2792,maru,1333,laŋ³¹tsaŋ³⁵,l a ŋ ³¹ + ts a ŋ ³⁵,,,
2798,achanglongchuan,1382,ap⁵⁵,a p ⁵⁵,,,
2800,atsi,1382,ap⁵⁵,a p ⁵⁵,,,
2801,bola,1382,ŋɛ̱ʔ⁵⁵,ŋ ɛ̰ ʔ ⁵⁵,,,
2804,lashi,1382,ŋa̱p⁵⁵,ŋ a̰ p ⁵⁵,,,
1150,achanglongchuan,1705,ɕet⁵⁵,ɕ e t ⁵⁵,,,
2806,xiandao,1382,ap⁵⁵,a p ⁵⁵,,,
2810,achanglongchuan,1231,ʂək⁵⁵,ʂ ə k ⁵⁵,,,
2812,atsi,1231,a²¹sik⁵⁵,a ²¹ + s i k ⁵⁵,,,
2814,bola,1231,sak⁵⁵,s a k ⁵⁵,,,
2817,lashi,1231,sə̱ːk⁵⁵,s ə̰ː k ⁵⁵,,,
2818,maru,1231,sa̱k⁵⁵,s a̰ k ⁵⁵,,,
2820,xiandao,1231,ʂɯk⁵⁵,ʂ ɯ k ⁵⁵,,,
1153,bola,1705,ʃɛʔ⁵⁵,ʃ ɛ ʔ ⁵⁵,,,
2842,achanglongchuan,1483,kau³¹,k a u ³¹,,,
2844,atsi,1483,kau²¹,k a u ²¹,,,
2845,bola,1483,kau³¹,k a u ³¹,,,
2848,lashi,1483,kou³³,k o u ³³,,,
2849,maru,1483,kuk³¹,k u k ³¹,,,
2850,xiandao,1483,kau³¹,k a u ³¹,,,
5254,rangoon,617,je²²kʰɛ⁵⁵,j e ²² + kʰ ɛ ⁵⁵,,,
2854,achanglongchuan,1221,ȵ̥ɔŋ⁵⁵,n̥ʲ ɔ ŋ ⁵⁵,,,
6369,achanglongchuan,1077,meʔ³¹ʦɿ⁵⁵,m e ʔ ³¹ + ts ɿ ⁵⁵,,,
2860,bola,1221,na̱⁵⁵,n a̰ ⁵⁵,,,
2866,maru,1221,nɔ̱³¹,n ɔ̰ ³¹,,,
2880,achanglongchuan,2112,muaŋ³¹,m u a ŋ ³¹,,,
2883,atsi,2112,maŋ²¹,m a ŋ ²¹,,,
2885,bola,2112,mɔ̃³¹,m ɔ̃ ∼ ³¹,,,
2888,lashi,2112,maŋ³³tso⁵⁵,m a ŋ ³³ + ts o ⁵⁵,,,
2889,maru,2112,mɔ̃³⁵,m ɔ̃ ∼ ³⁵,,,
2891,xiandao,2112,mɔŋ³¹,m ɔ ŋ ³¹,,,
6630,atsi,341,jeŋ²¹kʰoi⁵⁵,j e ŋ ²¹ + kʰ o i ⁵⁵,,,
6631,achanglongchuan,1209,ŋɔ⁵⁵,ŋ ɔ ⁵⁵,,,
2536,bola,634,ʃa³⁵,ʃ a ³⁵,bad concept,,
2937,achanglongchuan,1493,ta³¹,t a ³¹,,,
2940,atsi,1493,lă²¹,l ă ²¹,,,
2942,bola,1493,ta³¹,t a ³¹,,,
2945,lashi,1493,ta³¹,t a ³¹,,,
2946,maru,1493,ta³¹,t a ³¹,,,
6635,achanglongchuan,262,ȵ̥aŋ³¹,n̥ʲ a ŋ ³¹,,,
2948,xiandao,1493,ta³¹,t a ³¹,,,
2964,achanglongchuan,15,sam⁵⁵,s a m ⁵⁵,,,
2966,atsi,15,xam⁵¹,x a m ⁵¹,,,
2967,bola,15,xɛ̃⁵⁵,x ɛ̃ ∼ ⁵⁵,,,
2970,lashi,15,ʃa̱m³³,ʃ a̰ m ³³,,,
2971,maru,15,xɛ̃³¹,x ɛ̃ ∼ ³¹,,,
2972,xiandao,15,ti⁵⁵kʐoŋ⁵⁵,t i ⁵⁵ + k ʐ o ŋ ⁵⁵,,,
3910,atsi,1856,ŋjo̱m⁵⁵,ŋ j o̰ m ⁵⁵,,,
7095,oldburmese,1741,a◦thak,a + tʰ a k,,,
7097,oldburmese,98,a◦kun,a + k u n,,,
7099,oldburmese,1292,chuivḥ,tsʰ ə w ⁵⁵,,,
7101,oldburmese,1485,o₂k,ʊ k,,,
7103,oldburmese,1202,krīḥ,k r i ⁵⁵,,,
5280,rangoon,1392,tθɑ̃⁵⁵,tθ ɑ̃ ∼ ⁵⁵,,,
7107,oldburmese,1287,iyḥ,i j ⁵⁵,,,
7109,oldburmese,1725,mhan,m̥ a n,,,
7111,oldburmese,706,mho₂ṅ,m̥ ʊ ŋ,,,
7113,oldburmese,1230,ñac◦pat,nʲ a ts + p a t,,,
7385,oldburmese,730,mruy,m r u j,,,
7115,oldburmese,1398,khro₂k,kʰ r ʊ k,,,
7117,oldburmese,1705,rhyat,r̥ j a t,,,
7119,oldburmese,1406,viyḥ,w i j ⁵⁵,,,
7121,oldburmese,10,thaṅḥ,tʰ a ŋ ⁵⁵,,,
3027,atsi,1337,vaʔ²¹,v a ʔ ²¹,,,
3028,bola,1337,vaʔ³¹,v a ʔ ³¹,,,
7125,oldburmese,1500,liyḥ,l i j ⁵⁵,,,
7127,oldburmese,1429,plañʔ,p l a nʲ ⁵³,,,
3032,maru,1337,vɔʔ³¹,v ɔ ʔ ³¹,,,
7129,oldburmese,1035,ko₂ṅḥ,k ʊ ŋ ⁵⁵,,,
7131,oldburmese,1425,cimḥ,ts i m ⁵⁵,,,
7133,oldburmese,1425,ñuiv,nʲ ə w,,,
7135,oldburmese,1884,mā,m a ²²,,,
7137,oldburmese,1210,liyḥ,l i j ⁵⁵,,,
7139,oldburmese,136,sañ◦to₁ṅ,s a nʲ + t o ŋ,,,
7141,oldburmese,1265,mraṅʔ,m r a ŋ ⁵³,,,
7143,oldburmese,2376,kanʔ◦lanʔ,k a n ⁵³ + l a n ⁵³,,,
7145,oldburmese,1286,nuyḥ,n u j ⁵⁵,,,
7147,oldburmese,1634,ryā,r j a ²²,,,
7149,oldburmese,1209,ṅā,ŋ a ²²,,,
7151,oldburmese,1606,a◦to₁ṅḥ,a + t o ŋ ⁵⁵,,,
7154,oldburmese,477,no₂k◦kya,n ʊ k + k j a,,,
3060,atsi,1413,ŋji⁵¹ku̱n⁵⁵,ŋ j i ⁵¹ + k ṵ n ⁵⁵,,,
3062,bola,1413,khɔ̃³⁵kɔ̱n³¹,kʰ ɔ̃ ∼ ³⁵ + k ɔ̰ n ³¹,,,
7159,oldburmese,1203,rhañ,r̥ a nʲ,,,
3064,lashi,1413,lu̱ː³³,l ṵː ³³,,,
3065,maru,1413,na³¹ku̱m⁵⁵,n a ³¹ + k ṵ m ⁵⁵,,,
7163,oldburmese,1093,krāḥ,k r a ⁵⁵,,,
7165,oldburmese,1339,naṃ◦nak,n a m + n a k,,,
7167,oldburmese,1267,kyanḥ,k j a n ⁵⁵,,,
6567,xiandao,1091,xɔ³¹,x ɔ ³¹,looks like bitter to me,,
7169,oldburmese,1942,nīḥ,n i ⁵⁵,,,
7171,oldburmese,1231,sac,s a ts,,,
7173,oldburmese,1483,kuivḥ,k ə w ⁵⁵,,,
7175,oldburmese,12,mo₁nḥ◦tañʔ,m o n ⁵⁵ + t a nʲ ⁵³,,,
7177,oldburmese,12,niyʔ◦lañ,n i j ⁵³ + l a nʲ,,,
7179,oldburmese,2112,uiw,ə w,,,
7181,oldburmese,1493,tac,t a ts,,,
7183,oldburmese,762,a◦praṅ,a + p r a ŋ,,,
7185,oldburmese,156,nī,n i,,,
7187,oldburmese,1019,yā,j a ²²,,,
7189,oldburmese,1395,luṃḥ,l u m ⁵⁵,,,
6649,lashi,522,wɔm³¹kʰui⁵⁵,w ɔ m ³¹ + kʰ u i ⁵⁵,,,
7191,oldburmese,1091,ṅan,ŋ a n,,,
7193,oldburmese,1704,khu◦nac,kʰ u + n a ts,,,
7195,oldburmese,1396,thak,tʰ a k,,,
3100,achanglongchuan,1455,ʂa⁵⁵,ʂ a ⁵⁵,,,
7197,oldburmese,1645,tuiv,t ə w,,,
3102,bola,1455,ʃɛ⁵⁵,ʃ ɛ ⁵⁵,,,
7199,oldburmese,487,rhak,r̥ a k,,,
3104,maru,1455,ʃɛ³¹,ʃ ɛ ³¹,,,
3105,xiandao,1455,ʂa⁵⁵,ʂ a ⁵⁵,,,
7203,oldburmese,1246,ṅay,ŋ a j,small-young,,
7205,oldburmese,1234,pyo₂ʔ,p j ʊ ⁵³,,,
7207,oldburmese,1856,pyo₂ʔ,p j ʊ ⁵³,,,
7209,oldburmese,1404,phro₂ṅʔ,pʰ r ʊ ŋ ⁵³,,,
7211,oldburmese,1515,ta◦chay,t a + tsʰ a j,,,
7213,oldburmese,78,thuiv,tʰ ə w,,,
7215,oldburmese,587,pu◦ro₁k◦chip,p u + r o k + tsʰ i p,,,
7217,oldburmese,1886,khyo₁ṅḥ,kʰ j o ŋ ⁵⁵,,,
7219,oldburmese,1927,vāḥ,w a ⁵⁵,,,
7221,oldburmese,1251,puik,p ə k,,,
7223,oldburmese,937,ṅhak,ŋ̊ a k,,,
7225,oldburmese,946,suyḥ,s u j ⁵⁵,,,
7227,oldburmese,189,muyḥ,m u j ⁵⁵,,,
7229,oldburmese,1394,ruiwḥ,r ə w ⁵⁵,,,
7231,oldburmese,1531,a◦khak,a + kʰ a k,,,
7233,oldburmese,1402,nuivʔ,n ə w ⁵³,,,
7235,oldburmese,1489,tim,t i m,,,
7237,oldburmese,1357,sa◦mīḥ,s a + m i ⁵⁵,,,
7239,oldburmese,1977,nhaṅḥ,n̥ a ŋ ⁵⁵,,,
7241,oldburmese,2009,khuyḥ,kʰ u j ⁵⁵,,,
3146,atsi,1452,tʃu̱n²¹,tʃ ṵ n ²¹,,,
7243,oldburmese,2374,ip◦mak,i p + m a k,,,
3148,bola,1452,tʃɔ̱n³⁵,tʃ ɔ̰ n ³⁵,,,
7245,oldburmese,2,phun,pʰ u n,,,
3150,lashi,1452,tuːn³³,t uː n ³³,,,
7247,oldburmese,1247,nāḥ◦ro₁k,n a ⁵⁵ + r o k,,,
3153,xiandao,1452,tun³¹,t u n ³¹,,,
7251,oldburmese,744,u,u,,,
7253,oldburmese,1248,myak,m j a k,,,
7255,oldburmese,1217,a◦phiy,a + pʰ i j,,,
7257,oldburmese,1201,a◦muyḥ,a + m u j ⁵⁵,,,
7259,oldburmese,221,mīḥ,m i ⁵⁵,,,
7261,oldburmese,227,ṅāḥ,ŋ a ⁵⁵,,,
7263,oldburmese,232,lhiyḥ,l̥ i j ⁵⁵,,,
7265,oldburmese,239,a◦po₁ṅʔ,a + p o ŋ ⁵³,,,
7267,oldburmese,249,nhaṅḥ,n̥ a ŋ ⁵⁵,,,
4470,atsi,1214,xji⁵¹,x j i ⁵¹,,,
7271,oldburmese,1312,mriy◦khuyḥ,m r i j + kʰ u j ⁵⁵,,,
7273,oldburmese,503,phāḥ,pʰ a ⁵⁵,,,
7276,oldburmese,2034,nhaṅḥ,n̥ a ŋ ⁵⁵,,,
7278,oldburmese,1507,sac◦sīḥ,s a ts + s i ⁵⁵,,,
7280,oldburmese,1502,chit,tsʰ i t,,,
7282,oldburmese,606,mrak,m r a k,,,
7284,oldburmese,609,muivḥ◦sīḥ,m ə w ⁵⁵ + s i ⁵⁵,,,
7286,oldburmese,1040,chaṃ,tsʰ a m,,,
7288,oldburmese,1277,lak,l a k,,,
4628,maru,1380,tsɔi³¹,ts ɔ i ³¹,,,
7290,oldburmese,1256,kho₂ṅḥ,kʰ ʊ ŋ ⁵⁵,,,
7292,oldburmese,1223,nha◦luṃḥ,n̥ a + l u m ⁵⁵,,,
7294,oldburmese,152,khō₁,kʰ o ²²,,,
7296,oldburmese,1393,khyuiw,kʰ j ə w,,,
7298,oldburmese,615,mraṅḥ,m r a ŋ ⁵⁵,,,
7300,oldburmese,1252,im,i m,,,
534,xiandao,1531,ʂɯk⁵⁵xɔʔ⁵⁵,ʂ ɯ k ⁵⁵ + x ɔ ʔ ⁵⁵,,,
7302,oldburmese,1200,laṅ,l a ŋ,,,
7304,oldburmese,617,riy◦khai,r i j + kʰ aj,,,
7306,oldburmese,1371,pu◦chac,p u + tsʰ a ts,,,
8563,atsi,2250,a²¹◦xaʔ⁵⁵,a ²¹ + x a ʔ ⁵⁵,,,
7308,oldburmese,1371,dūḥ,d u ⁵⁵,,,
7310,oldburmese,624,kan,k a n,,,
7312,oldburmese,2250,a◦ro₁k,a + r o k,,,
7314,oldburmese,478,nhut,n̥ u t,,,
7316,oldburmese,1224,a◦sañḥ,a + s a nʲ ⁵⁵,,,
7318,oldburmese,1392,sanḥ,s a n ⁵⁵,,,
7320,oldburmese,688,a◦chut,a + tsʰ u t,,,
7322,oldburmese,634,a◦sāḥ,a + s a ⁵⁵,,,
7324,oldburmese,1313,laʔ,l a ⁵³,,,
7326,oldburmese,1509,khraṅ,kʰ r a ŋ,,,
7365,oldburmese,1218,kruivḥ,k r ə w ⁵⁵,,,
7328,oldburmese,1216,a◦miy,a + m i j,,,
7330,oldburmese,639,to₂ṅ,t ʊ ŋ,,,
3236,achanglongchuan,658,mau³¹ʐo⁵⁵,m a u ³¹ + ʐ o ⁵⁵,,,
7334,oldburmese,674,pāḥ◦cap,p a ⁵⁵ + ts a p,,,
3239,atsi,658,mau²¹,m a u ²¹,,,
7336,oldburmese,674,nhut,n̥ u t,,,
3242,bola,658,mau³¹ɣɔ⁵⁵,m a u ³¹ + ɣ ɔ ⁵⁵,,,
7339,oldburmese,2128,lak◦sañḥ,l a k + s a nʲ ⁵⁵,,,
7341,oldburmese,1405,a◦mañ,a + m a nʲ,,,
3246,lashi,658,mou³³wɔ³¹,m o u ³³ + w ɔ ³¹,,,
7343,oldburmese,1333,lañ,l a nʲ,,,
3248,maru,658,muk⁵⁵,m u k ⁵⁵,,,
7345,oldburmese,1382,ap,a p,,,
3250,xiandao,658,mau³¹ʐo⁵⁵,m a u ³¹ + ʐ o ⁵⁵,,,
7347,oldburmese,1221,nhā,n̥ a ²²,,,
7349,oldburmese,15,phyaṃ,pʰ j a m,,,
7351,oldburmese,1337,vak,w a k,,,
7353,oldburmese,658,ro₁,r o,,,
7355,oldburmese,1733,sak◦taṃ,s a k + t a m,,,
7357,oldburmese,2026,ko₂k,k ʊ k,,,
7359,oldburmese,666,mlac,m l a ts,,,
7361,oldburmese,667,lamḥ,l a m ⁵⁵,,,
7363,oldburmese,670,mryat,m r j a t,,,
7201,oldburmese,1703,khro₂k,kʰ r ʊ k,,,
7367,oldburmese,1274,chāḥ,tsʰ a ⁵⁵,,,
7369,oldburmese,671,sai,s aj,,,
7371,oldburmese,1474,paṅ◦lay,p a ŋ + l a j,,,
7373,oldburmese,714,myuivḥ◦ciyʔ,m j ə w ⁵⁵ + ts i j ⁵³,,,
7375,oldburmese,1331,suivḥ,s ə w ⁵⁵,,,
7377,oldburmese,1482,pa◦khuṃḥ,p a + kʰ u m ⁵⁵,,,
7379,oldburmese,763,a◦riy,a + r i j,,,
5498,rangoon,1265,mjĩ⁵³,m j ĩ ∼ ⁵³,,,
3285,bola,156,nɛ⁵⁵,n ɛ ⁵⁵,,,
7383,oldburmese,778,khuivḥ,kʰ ə w ⁵⁵,,,
3289,lashi,156,nɛː³¹,n ɛː ³¹,,,
3291,maru,156,nɛ³¹,n ɛ ³¹,,,
3292,xiandao,156,na⁵⁵,n a ⁵⁵,,,
7389,oldburmese,1620,sāḥ,s a ⁵⁵,,,
7392,oldburmese,843,paṅʔ◦kū,p a ŋ ⁵³ + k u ²²,,,
7394,oldburmese,1430,kray,k r a j,,,
7396,oldburmese,1295,tut,t u t,,,
3302,bola,1099,ŋji⁵⁵,ŋ j i ⁵⁵,,,
3281,achanglongchuan,156,na⁵⁵,n a ⁵⁵,,,
3304,lashi,1099,luːŋ⁵⁵,l uː ŋ ⁵⁵,,,
3305,maru,1099,na³¹,n a ³¹,,,
551,maru,1402,nuk⁵⁵,n u k ⁵⁵,,,
7405,oldburmese,846,klāḥ,k l a ⁵⁵,,,
3310,achanglongchuan,2026,tshen⁵⁵,tsʰ e n ⁵⁵,,,
7407,oldburmese,1205,lhyā,l̥ j a ²²,,,
3312,bola,2026,tʃhɔn⁵⁵,tʃʰ ɔ n ⁵⁵,,,
3313,lashi,2026,tʃhɛn³³,tʃʰ ɛ n ³³,,,
7410,oldburmese,906,sac◦paṅ,s a ts + p a ŋ,,,
3283,atsi,156,ne⁵¹,n e ⁵¹,,,
7412,oldburmese,948,riy,r i j,,,
7415,oldburmese,960,liy,l i j,,,
7417,oldburmese,1257,to₂ṅ◦paṁ,t ʊ ŋ + p a m,,,
7420,oldburmese,1803,sac,s a ts,,,
7422,oldburmese,1226,a◦nhac,a + n̥ a ts,,,
7381,oldburmese,1732,muivḥ,m ə w ⁵⁵,,,
7424,oldburmese,1244,tup,t u p,,,
7428,oldburmese,1214,sañ,s a nʲ,,,
3334,achanglongchuan,1725,tsɿ⁵⁵,ts ɿ ⁵⁵,,,
7432,oldburmese,492,suṃḥ,s u m ⁵⁵,,,
3337,atsi,1725,tʃo²¹,tʃ o ²¹,,,
7434,oldburmese,1422,hiyʔ,h i j ⁵³,,,
7435,oldburmese,1403,kuik,k ə k,,,
7437,oldburmese,175,tuik,t ə k,,,
3342,lashi,1725,kɛː³¹,k ɛː ³¹,,,
7439,oldburmese,1428,lo₂ṅ,l ʊ ŋ,,,
3344,xiandao,1725,cɛ⁵⁵,c ɛ ⁵⁵,,,
7441,oldburmese,1869,vay,w a j,,,
7443,oldburmese,321,vāḥ,w a ⁵⁵,,,
7445,oldburmese,1446,lā,l a ²²,,,
1241,achanglongchuan,1406,ve³¹,v e ³¹,,,
7449,oldburmese,1420,tiyḥ,t i j ⁵⁵,,,
7451,oldburmese,1420,ṅuiv,ŋ ə w,,,
7453,oldburmese,1494,siy,s i j,,,
7455,oldburmese,1418,thūḥ,tʰ u ⁵⁵,,,
7457,oldburmese,1401,so₂k,s ʊ k,,,
1243,atsi,1406,ve²¹,v e ²¹,,,
3365,achanglongchuan,666,tʂhă⁵⁵ʐoŋ³¹,ʈʂʰ ă ⁵⁵ + ʐ o ŋ ³¹,,,
3368,atsi,666,vui⁵¹mo⁵⁵,v u i ⁵¹ + m o ⁵⁵,,,
3370,bola,666,ɣəi⁵⁵lɔ̃⁵⁵,ɣ ə i ⁵⁵ + l ɔ̃ ∼ ⁵⁵,,,
3373,lashi,666,kjei⁵³məŋ³³,k j e i ⁵³ + m ə ŋ ³³,,,
3374,maru,666,ɣək³¹lɔ̃³¹,ɣ ə k ³¹ + l ɔ̃ ∼ ³¹,,,
7472,oldburmese,1408,krāḥ,k r a ⁵⁵,,,
7474,oldburmese,602,pho₁k,pʰ o k,,,
7476,oldburmese,1448,ko₂ṅ,k ʊ ŋ,,,
7479,oldburmese,1417,sat,s a t,,,
5343,rangoon,666,mjiʔ⁴,m j i ʔ ⁴,,,
1537,lashi,1500,mei³³,m e i ³³,,,
7485,oldburmese,1355,ray,r a j,,,
3390,atsi,667,khjo⁵¹,kʰ j o ⁵¹,,,
3392,bola,667,khja⁵⁵,kʰ j a ⁵⁵,,,
7489,oldburmese,319,lyak,l j a k,,,
3394,lashi,667,khjo³³,kʰ j o ³³,,,
7491,oldburmese,215,lai,l aj,,,
3397,xiandao,667,chɔ⁵⁵mɔ³¹,cʰ ɔ ⁵⁵ + m ɔ ³¹,,,
7497,oldburmese,1455,cho₁y,tsʰ o j,,,
7499,oldburmese,1452,to₁nḥ,t o n ⁵⁵,,,
3404,atsi,670,a²¹pu̱n⁵¹,a ²¹ + p ṵ n ⁵¹,,,
3298,achanglongchuan,1099,ȵɔʔ⁵⁵,nʲ ɔ ʔ ⁵⁵,,,
3406,bola,670,sak⁵⁵kji³¹,s a k ⁵⁵ + k j i ³¹,,,
7503,oldburmese,1452,nhip,n̥ i p,,,
7505,oldburmese,1099,niy,n i j,,,
3410,maru,670,pa̱n³¹,p a̰ n ³¹,,,
3412,xiandao,670,mɛt⁵⁵,m ɛ t ⁵⁵,,,
7509,oldburmese,1436,phyo₂k,pʰ j ʊ k,,,
7511,oldburmese,1409,mraṅ,m r a ŋ,,,
3416,achanglongchuan,1218,toi³¹,t o i ³¹,,,
3300,atsi,1099,ŋji⁵¹,ŋ j i ⁵¹,,,
3419,atsi,1218,tu̱i²¹,t ṵ i ²¹,,,
3421,bola,1218,tu̱i³⁵,t ṵ i ³⁵,,,
7519,oldburmese,1586,mhuyḥ,m̥ u j ⁵⁵,,,
3424,lashi,1218,tə̱⁵⁵,t ə̰ ⁵⁵,,,
3425,maru,1218,tɔ̱i³⁵,t ɔ̰ i ³⁵,,,
3427,xiandao,1218,tui³¹,t u i ³¹,,,
7525,oldburmese,713,khuiwḥ,kʰ ə w ⁵⁵,,,
7527,oldburmese,1415,tuyḥ,t u j ⁵⁵,,,
7530,oldburmese,1278,an,a n,,,
7399,oldburmese,1343,niy,n i j,,,
7533,oldburmese,1443,lhyo₂k,l̥ j ʊ k,,,
7535,oldburmese,1454,sut,s u t,,,
7539,oldburmese,1710,nhac◦chay,n̥ a ts + tsʰ a j,,,
7541,oldburmese,1498,nhac,n̥ a ts,,,
7401,oldburmese,1220,mrīḥ,m r i ⁵⁵,,,
7545,oldburmese,1335,phlū,pʰ l u ²²,,,
7547,oldburmese,1235,sū,s u ²²,,,
7549,oldburmese,1424,vā,w a ²²,,,
7552,oldburmese,1207,ṅay,ŋ a j,small-young,,
3307,xiandao,1099,nai⁵⁵,n a i ⁵⁵,,,
6296,rangoon,1509,ʨʰĩ²²,tɕʰ ĩ ∼ ²²,,,
3476,achanglongchuan,1274,tɕhɔ³¹,tɕʰ ɔ ³¹,,,
3479,atsi,1274,tsho⁵⁵,tsʰ o ⁵⁵,,,
3481,bola,1274,tha³⁵,tʰ a ³⁵,,,
5359,rangoon,962,mẽ⁵⁵mɑ⁵³,m ẽ ∼ ⁵⁵ + m ɑ ⁵³,,,
3484,lashi,1274,tsho⁵⁵,tsʰ o ⁵⁵,,,
3485,maru,1274,tshɔ³⁵,tsʰ ɔ ³⁵,,,
3487,xiandao,1274,chɔ³¹,cʰ ɔ ³¹,,,
3491,achanglongchuan,671,să³¹le⁵⁵,s ă ³¹ + l e ⁵⁵,,,
3494,atsi,671,să²¹mui⁵¹,s ă ²¹ + m u i ⁵¹,,,
3496,bola,671,mɛ⁵⁵ʃa⁵⁵,m ɛ ⁵⁵ + ʃ a ⁵⁵,,,
3499,lashi,671,sə̆⁵⁵mui³¹,s ə̆ ⁵⁵ + m u i ³¹,,,
3500,maru,671,ma³¹ʃɔ³¹,m a ³¹ + ʃ ɔ ³¹,,,
3314,maru,2026,tʃhiŋ³¹,tʃʰ i ŋ ³¹,,,
3502,xiandao,671,sa³¹lɛ³¹,s a ³¹ + l ɛ ³¹,,,
3315,xiandao,2026,tshɛn⁵⁵,tsʰ ɛ n ⁵⁵,,,
3525,achanglongchuan,1436,khʐən⁵⁵,kʰ ʐ ə n ⁵⁵,bad concept,,
3526,atsi,1436,kjin⁵¹,k j i n ⁵¹,bad concept,,
3527,bola,1436,kjɔ̱n⁵⁵,k j ɔ̰ n ⁵⁵,bad concept,,
3528,lashi,1436,kji̱ːn³¹,k j ḭː n ³¹,bad concept,,
3529,maru,1436,kji̱ŋ³¹,k j ḭ ŋ ³¹,bad concept,,
3530,xiandao,1436,khʐan⁵⁵,kʰ ʐ a n ⁵⁵,bad concept,,
3533,achanglongchuan,1474,nam³¹tɕu³¹,n a m ³¹ + tɕ u ³¹,,,
3535,atsi,1474,vui⁵¹miŋ²¹,v u i ⁵¹ + m i ŋ ²¹,,,
3538,lashi,1474,kjei⁵³məŋ³³,k j e i ⁵³ + m ə ŋ ³³,,,
5369,rangoon,2106,jɑuʔ⁴ʨɑ⁵⁵,j ɑ u ʔ ⁴ + tɕ ɑ ⁵⁵,,,
3556,achanglongchuan,1409,en³¹mʐaŋ⁵⁵,e n ³¹ + m ʐ a ŋ ⁵⁵,,,
3559,atsi,1409,mjaŋ⁵¹,m j a ŋ ⁵¹,,,
1276,atsi,1217,a⁵⁵va²¹,a ⁵⁵ + v a ²¹,,,
6543,xiandao,2034,ŋ̊an⁵⁵,ŋ̊ a n ⁵⁵,,,
3565,lashi,1409,mjaːŋ³¹,m j aː ŋ ³¹,,,
3567,maru,1409,mjɔ̃³¹,m j ɔ̃ ∼ ³¹,,,
3569,xiandao,1409,mʐaŋ⁵⁵,m ʐ a ŋ ⁵⁵,,,
3574,achanglongchuan,714,a³¹ȵau³¹,a ³¹ + nʲ a u ³¹,,,
3577,atsi,714,a²¹mji²¹,a ²¹ + m j i ²¹,,,
3579,bola,714,a³¹mjuŋ³¹,a ³¹ + m j u ŋ ³¹,,,
3582,lashi,714,a³³mjou³³,a ³³ + m j o u ³³,,,
3583,maru,714,mjuk⁵⁵,m j u k ⁵⁵,,,
3585,xiandao,714,a³¹ɲau⁵¹,a ³¹ + ɲ a u ⁵¹,,,
1281,maru,1217,a⁵⁵phɔ⁵⁵,a ⁵⁵ + pʰ ɔ ⁵⁵,,,
5379,rangoon,1267,ʨĩ⁵⁵,tɕ ĩ ∼ ⁵⁵,bad concept,,
3605,achanglongchuan,1704,ȵit⁵⁵,nʲ i t ⁵⁵,,,
3608,atsi,1704,ŋjit⁵⁵,ŋ j i t ⁵⁵,,,
3610,bola,1704,nɔ̱t⁵⁵,n ɔ̰ t ⁵⁵,,,
3613,lashi,1704,ŋjɛ̱t⁵⁵,ŋ j ɛ̰ t ⁵⁵,,,
3614,maru,1704,na̱t⁵⁵,n a̰ t ⁵⁵,,,
3616,xiandao,1704,nit⁵⁵,n i t ⁵⁵,,,
4699,achanglongchuan,1710,tă³¹sau⁵⁵,t ă ³¹ + s a u ⁵⁵,,,
7430,oldburmese,1215,ñañḥ,nʲ a nʲ ⁵⁵,,,
6395,rangoon,846,ʨɑ⁵⁵,tɕ ɑ ⁵⁵,,,
3649,achanglongchuan,1396,thɔʔ⁵⁵,tʰ ɔ ʔ ⁵⁵,bad concept,,
3339,bola,1725,tʃɔ³¹,tʃ ɔ ³¹,,,
3655,lashi,1396,thɔːʔ⁵⁵,tʰ ɔː ʔ ⁵⁵,bad concept,,
3657,xiandao,1396,mat³⁵,m a t ³⁵,bad concept,,
3658,atsi,1396,thoʔ⁵⁵,tʰ o ʔ ⁵⁵,bad concept,,
3659,bola,1396,thaʔ⁵⁵,tʰ a ʔ ⁵⁵,bad concept,,
3660,maru,1396,thɔʔ⁵⁵,tʰ ɔ ʔ ⁵⁵,bad concept,,
3671,achanglongchuan,1172,pək⁵⁵,p ə k ⁵⁵,,,
3674,atsi,1172,pik²¹,p i k ²¹,,,
3343,maru,1725,tʃɔ³¹,tʃ ɔ ³¹,,,
3676,bola,1172,pak³¹,p a k ³¹,,,
3679,lashi,1172,pəːk³¹,p əː k ³¹,,,
3680,maru,1172,pak³¹,p a k ³¹,,,
3682,xiandao,1172,pɤk⁵⁵,p ɤ k ⁵⁵,,,
5671,rangoon,1202,ʨi⁵⁵,tɕ i ⁵⁵,,,
3700,atsi,1645,to̱t²¹,t o̰ t ²¹,bad concept,,
3701,bola,1645,laŋ³⁵,l a ŋ ³⁵,bad concept,,
3702,lashi,1645,ʃə̱ːŋ³³,ʃ ə̰ː ŋ ³³,bad concept,,
3703,maru,1645,laŋ⁵⁵,l a ŋ ⁵⁵,bad concept,,
3704,xiandao,1645,tɔk⁵⁵,t ɔ k ⁵⁵,bad concept,,
7447,oldburmese,1420,riy,r i j,,,
3725,achanglongchuan,1261,siaŋ³⁵ɕiaŋ⁵⁵,s i a ŋ ³⁵ + ɕ i a ŋ ⁵⁵,,,
3728,atsi,1261,tho⁵¹,tʰ o ⁵¹,,,
3729,bola,1261,thɔ⁵⁵,tʰ ɔ ⁵⁵,,,
3731,lashi,1261,khuːn⁵⁵,kʰ uː n ⁵⁵,,,
4625,lashi,1380,tsɿ³¹,ts ɿ ³¹,,,
3733,xiandao,1261,çaŋ⁵⁵çaŋ³⁵,ç a ŋ ⁵⁵ + ç a ŋ ³⁵,,,
1305,maru,1201,ʃɔ̆³⁵muk⁵⁵,ʃ ɔ̆ ³⁵ + m u k ⁵⁵,,,
3752,achanglongchuan,1703,xʐoʔ⁵⁵,x ʐ o ʔ ⁵⁵,,,
3755,atsi,1703,khjuʔ⁵⁵,kʰ j u ʔ ⁵⁵,,,
3757,bola,1703,khjauʔ⁵⁵,kʰ j a u ʔ ⁵⁵,,,
6399,maru,232,kʰə̆³¹la̱³⁵,kʰ ə̆ ³¹ + l a̰ ³⁵,,,
3760,lashi,1703,khjuk⁵⁵,kʰ j u k ⁵⁵,,,
3761,maru,1703,khjauk⁵⁵,kʰ j a u k ⁵⁵,,,
3764,xiandao,1703,chuʔ⁵⁵,cʰ u ʔ ⁵⁵,,,
3790,achanglongchuan,1732,mau³¹,m a u ³¹,,,
3792,atsi,1732,mau²¹khuŋ⁵¹,m a u ²¹ + kʰ u ŋ ⁵¹,,,
3793,bola,1732,mau³¹khauŋ⁵⁵,m a u ³¹ + kʰ a u ŋ ⁵⁵,,,
7459,oldburmese,1336,cāḥ,ts a ⁵⁵,,,
3796,lashi,1732,mou³³khuŋ³³,m o u ³³ + kʰ u ŋ ³³,,,
3797,maru,1732,muk⁵⁵,m u k ⁵⁵,,,
3798,xiandao,1732,mau³¹,m a u ³¹,,,
3802,achanglongchuan,1585,e³¹,e ³¹,,,
3805,atsi,1585,ju̱p⁵⁵,j ṵ p ⁵⁵,,,
3807,bola,1585,ja̱p⁵⁵,j a̰ p ⁵⁵,,,
3811,lashi,1585,ju̱ːp⁵⁵,j ṵː p ⁵⁵,,,
3813,maru,1585,jap³¹,j a p ³¹,,,
3816,xiandao,1585,it⁵⁵,i t ⁵⁵,,,
3821,achanglongchuan,1246,ȵi⁵⁵,nʲ i ⁵⁵,,,
3823,atsi,1246,ti̱ʔ⁵⁵,t ḭ ʔ ⁵⁵,,,
3824,bola,1246,ŋai⁵⁵,ŋ a i ⁵⁵,,,
7464,oldburmese,2003,cīḥ,ts i ⁵⁵,,,
3827,lashi,1246,ŋɛː³¹,ŋ ɛː ³¹,,,
3828,maru,1246,ŋai³¹,ŋ a i ³¹,,,
3829,xiandao,1246,ɲɛ⁵¹,ɲ ɛ ⁵¹,,,
5417,rangoon,1586,nɑ̃⁵⁵,n ɑ̃ ∼ ⁵⁵,,,
7466,oldburmese,1441,pyaṃ,p j a m,,,
3840,bola,1586,nɛ̱̃⁵⁵,n ɛ̰̃ ∼ ⁵⁵,,,
3845,lashi,1586,naːm³¹,n aː m ³¹,,,
3848,maru,1586,nɛ̃³¹,n ɛ̃ ∼ ³¹,,,
5672,rangoon,1452,tũ⁵⁵,t ũ ∼ ⁵⁵,,,
3853,achanglongchuan,778,ni³¹xau³¹,n i ³¹ + x a u ³¹,,,
3856,atsi,778,mji²¹khau²¹,m j i ²¹ + kʰ a u ²¹,,,
3858,bola,778,tʃhi³⁵,tʃʰ i ³⁵,,,
7470,oldburmese,1447,piyḥ,p i j ⁵⁵,,,
3862,maru,778,mji²¹khuk⁵⁵,m j i ²¹ + kʰ u k ⁵⁵,,,
3864,xiandao,778,n̥i³¹xau³¹,n̥ i ³¹ + x a u ³¹,,,
3867,achanglongchuan,1234,neʔ³⁵,n e ʔ ³⁵,,,
6539,lashi,1286,ŋɛː⁵⁵,ŋ ɛː ⁵⁵,,,
3870,bola,1234,tauʔ³¹tʃɔ̱t⁵⁵,t a u ʔ ³¹ + tʃ ɔ̰ t ⁵⁵,,,
3872,lashi,1234,tʃu̱ːt⁵⁵,tʃ ṵː t ⁵⁵,,,
3376,xiandao,666,ti⁵⁵kɯ³¹,t i ⁵⁵ + k ɯ ³¹,,,
3875,xiandao,1234,chɔt³⁵,cʰ ɔ t ³⁵,,,
3879,achanglongchuan,730,mʐui⁵⁵,m ʐ u i ⁵⁵,,,
6403,xiandao,1283,fu³¹ɳɛn³¹,f u ³¹ + ɳ ɛ n ³¹,,,
3882,atsi,730,la̱ŋ⁵¹mui⁵¹,l a̰ ŋ ⁵¹ + m u i ⁵¹,,,
3884,bola,730,lɔ̃⁵⁵mø⁵⁵,l ɔ̃ ∼ ⁵⁵ + m ø ⁵⁵,,,
3887,lashi,730,la̱ŋ³³mju³¹,l a̰ ŋ ³³ + m j u ³¹,,,
3888,maru,730,lɔ̃³¹mɔi³¹,l ɔ̃ ∼ ³¹ + m ɔ i ³¹,,,
3890,xiandao,730,mʐui⁵⁵,m ʐ u i ⁵⁵,,,
3901,achanglongchuan,784,xan³¹ʑai⁵⁵,x a n ³¹ + ʑ a i ⁵⁵,,,
3902,atsi,784,kjoʔ²¹,k j o ʔ ²¹,,,
3903,bola,784,ŋɛ̱̃⁵⁵,ŋ ɛ̰̃ ∼ ⁵⁵,,,
3908,achanglongchuan,1856,ȵɔt⁵⁵,nʲ ɔ t ⁵⁵,,,
6404,bola,341,ʃɛ̃⁵⁵ŋø̱³⁵,ʃ ɛ̃ ∼ ⁵⁵ + ŋ ø̰ ³⁵,,,
3911,bola,1856,nɛ̃³⁵,n ɛ̃ ∼ ³⁵,,,
3914,lashi,1856,nə̱ː⁵³,n ə̰ː ⁵³,,,
3915,maru,1856,nɛ̱̃⁵⁵,n ɛ̰̃ ∼ ⁵⁵,,,
3916,xiandao,1856,ɲɔt³¹,ɲ ɔ t ³¹,,,
3919,achanglongchuan,1228,mi⁵⁵,m i ⁵⁵,,,
3920,atsi,1228,mji⁵⁵tse̱²¹,m j i ⁵⁵ + ts ḛ ²¹,,,
3921,bola,1228,mi⁵⁵kauŋ⁵⁵,m i ⁵⁵ + k a u ŋ ⁵⁵,,,
3922,lashi,1228,mji̱³¹tsei⁵⁵,m j ḭ ³¹ + ts e i ⁵⁵,,,
3923,maru,1228,mjik³¹tsa̱i³⁵,m j i k ³¹ + ts a̰ i ³⁵,,,
3924,xiandao,1228,m̥i⁵⁵,m̥ i ⁵⁵,,,
3933,achanglongchuan,1620,tsɔ³¹lo³¹,ts ɔ ³¹ + l o ³¹,,,
3936,atsi,1620,juʔ²¹ke⁵¹tso²¹,j u ʔ ²¹ + k e ⁵¹ + ts o ²¹,,,
3938,bola,1620,ta³¹,t a ³¹,,,
3387,achanglongchuan,667,xa⁵⁵mʐua³¹,x a ⁵⁵ + m ʐ u a ³¹,,,
3941,lashi,1620,tsə̆³³sa̱ŋ³³,ts ə̆ ³³ + s a̰ ŋ ³³,,,
3942,maru,1620,tso,ts o,,,
3944,xiandao,1620,juʔ³¹cɛ⁵⁵tsɔ³¹,j u ʔ ³¹ + c ɛ ⁵⁵ + ts ɔ ³¹,,,
3967,achanglongchuan,1440,tɕho³¹,tɕʰ o ³¹,,,
6406,maru,2350,vɔʔ³¹tɔi³¹,v ɔ ʔ ³¹ + t ɔ i ³¹,,,
8067,rangoon,2250,ɑ⁵³jwɛʔ⁴,ɑ ⁵³ + j w ɛ ʔ ⁴,,,
3972,bola,1440,phø³⁵,pʰ ø ³⁵,,,
3975,lashi,1440,pyː³³,p yː ³³,,,
3977,maru,1440,phø³⁵,pʰ ø ³⁵,,,
3979,xiandao,1440,tsɛ³⁵,ts ɛ ³⁵,,,
3395,maru,667,khjɔ³¹,kʰ j ɔ ³¹,,,
7332,oldburmese,2139,kro₁k,k r o k,,,
1361,xiandao,1423,ta³⁵kɔ³⁵,t a ³⁵ + k ɔ ³⁵,bad concept,,
3401,achanglongchuan,670,mʐuat⁵⁵,m ʐ u a t ⁵⁵,,,
2453,maru,1203,xaŋ³¹,x a ŋ ³¹,,,
4043,achanglongchuan,1442,ʑap⁵⁵,ʑ a p ⁵⁵,bad concept,,
4044,atsi,1442,jap²¹,j a p ²¹,bad concept,,
4045,bola,1442,jɛʔ⁵⁵,j ɛ ʔ ⁵⁵,bad concept,,
4046,lashi,1442,jaːp³¹,j aː p ³¹,bad concept,,
4047,maru,1442,jɛʔ³¹,j ɛ ʔ ³¹,bad concept,,
4048,xiandao,1442,jap⁵⁵,j a p ⁵⁵,bad concept,,
4052,achanglongchuan,1430,khʐə⁵⁵,kʰ ʐ ə ⁵⁵,,,
4055,atsi,1430,kji̱⁵¹,k j ḭ ⁵¹,,,
4057,bola,1430,kji̱⁵⁵,k j ḭ ⁵⁵,,,
4060,lashi,1430,kji̱³³,k j ḭ ³³,,,
4061,maru,1430,kji̱³¹,k j ḭ ³¹,,,
4064,xiandao,1430,tshi⁵⁵ʐum³¹,tsʰ i ⁵⁵ + ʐ u m ³¹,,,
4068,achanglongchuan,713,xau³¹,x a u ³¹,,,
4071,atsi,713,khau²¹,kʰ a u ²¹,,,
4073,bola,713,khau³¹,kʰ a u ³¹,,,
4076,lashi,713,khaːu⁵⁵,kʰ aː u ⁵⁵,,,
4077,maru,713,khuk⁵⁵,kʰ u k ⁵⁵,,,
3409,lashi,670,ɑ³¹pɔ̱n³³,ɑ ³¹ + p ɔ̰ n ³³,,,
4079,xiandao,713,xau³¹,x a u ³¹,,,
1363,atsi,1423,pat²¹lu̱m²¹,p a t ²¹ + l ṵ m ²¹,bad concept,,
4085,achanglongchuan,857,a³¹tsiʔ³¹,a ³¹ + ts i ʔ ³¹,,,
7501,oldburmese,1452,tuivḥ,t ə w ⁵⁵,,,
4088,atsi,857,a²¹tʃi⁵⁵,a ²¹ + tʃ i ⁵⁵,,,
4090,bola,857,ʃɪ̆³⁵tʃɿ³¹,ʃ ɪ̆ ³⁵ + tʃ ɿ ³¹,,,
4093,lashi,857,a³¹tʃei⁵⁵,a ³¹ + tʃ e i ⁵⁵,,,
4094,maru,857,tʃik⁵⁵,tʃ i k ⁵⁵,,,
6492,xiandao,262,ɲ̊aŋ³¹,ɲ̊ a ŋ ³¹,,,
